seed,key,dataset,task_type,target_idx,model,accuracy,precision,recall,f1_score,balanced_accuracy,cohen_kappa,matthews_corrcoef,imputed
0,alzheimer_0,Saliva Alzheimer,Classification,0,ARSENAL,0.948051948051948,0.9496501109404336,0.948051948051948,0.9461720599842148,0.897159090909091,0.8472727272727273,0.8542194449993828,False
0,alzheimer_0,Saliva Alzheimer,Classification,0,AUTOGLUON,0.9783549783549784,0.9789529071297026,0.9783549783549784,0.9779911964785916,0.9545454545454546,0.93841642228739,0.9402009894445368,False
0,alzheimer_0,Saliva Alzheimer,Classification,0,CAT,0.8268398268398268,0.8171108126575718,0.8268398268398268,0.8190924721536966,0.7238636363636364,0.484029484029484,0.4899345602527287,False
0,alzheimer_0,Saliva Alzheimer,Classification,0,COATNET,0.8398268398268398,0.837379779498006,0.8398268398268398,0.8194799552525972,0.6948863636363636,0.4688995215311005,0.5086535641041573,False
0,alzheimer_0,Saliva Alzheimer,Classification,0,DEEPCNN,0.935064935064935,0.9346994290497116,0.935064935064935,0.9348590438072468,0.9073863636363636,0.8198970840480275,0.819956190552649,False
0,alzheimer_0,Saliva Alzheimer,Classification,0,DUMMY,0.7619047619047619,0.5804988662131518,0.7619047619047619,0.658944658944659,0.5,0.0,0.0,False
0,alzheimer_0,Saliva Alzheimer,Classification,0,FASTAI,0.7792207792207793,0.7494922139471903,0.7792207792207793,0.737689184200812,0.5863636363636364,0.2210909090909091,0.2616027885121754,False
0,alzheimer_0,Saliva Alzheimer,Classification,0,FCRESNEXT,0.8831168831168831,0.8812081772975628,0.8831168831168831,0.881972207074221,0.8295454545454546,0.671685002895194,0.6721323718030641,False
0,alzheimer_0,Saliva Alzheimer,Classification,0,GBM,0.8268398268398268,0.8171108126575718,0.8268398268398268,0.8190924721536966,0.7238636363636364,0.484029484029484,0.4899345602527287,False
0,alzheimer_0,Saliva Alzheimer,Classification,0,KNN,0.8441558441558441,0.8362903795857779,0.8441558441558441,0.837183224938327,0.7477272727272727,0.5356265356265356,0.542161086980177,False
0,alzheimer_0,Saliva Alzheimer,Classification,0,LR,0.961038961038961,0.961732370543846,0.961038961038961,0.9600948852375416,0.924431818181818,0.8877005347593583,0.8911061577759574,False
0,alzheimer_0,Saliva Alzheimer,Classification,0,MITRA,0.948051948051948,0.9477461314196008,0.948051948051948,0.9469887654245196,0.9096590909090908,0.8512396694214877,0.8536041880696871,False
0,alzheimer_0,Saliva Alzheimer,Classification,0,NN_TORCH,0.8701298701298701,0.8759608761537403,0.8701298701298701,0.8723625387966628,0.8397727272727273,0.6549835706462213,0.6565484982611329,False
0,alzheimer_0,Saliva Alzheimer,Classification,0,PLS,0.9393939393939394,0.941777997690912,0.9393939393939394,0.9366823652537938,0.8789772727272727,0.8194103194103194,0.8294069839811422,False
0,alzheimer_0,Saliva Alzheimer,Classification,0,RAMANFORMER,0.6320346320346321,0.624987210182741,0.6320346320346321,0.6284310222706959,0.4835227272727272,-0.0335842501447596,-0.0336066185901532,False
0,alzheimer_0,Saliva Alzheimer,Classification,0,RAMANNET,0.7748917748917749,0.7619047619047619,0.7748917748917749,0.7012596006144394,0.5397727272727273,0.1136363636363637,0.1976423537605237,False
0,alzheimer_0,Saliva Alzheimer,Classification,0,RAMANTRANSFORMER,0.238095238095238,0.0566893424036281,0.238095238095238,0.0915750915750915,0.5,0.0,0.0,False
0,alzheimer_0,Saliva Alzheimer,Classification,0,REALMLP,0.8614718614718615,0.856393991454121,0.8614718614718615,0.8575785869903517,0.7840909090909091,0.5980861244019139,0.6011282946609635,False
0,alzheimer_0,Saliva Alzheimer,Classification,0,REALTABPFN-V2,0.9567099567099568,0.956791507811916,0.9567099567099568,0.9558239711870996,0.9215909090909092,0.8760330578512396,0.8784664459746294,False
0,alzheimer_0,Saliva Alzheimer,Classification,0,REALTABPFN-V2.5,0.974025974025974,0.97416744475568,0.974025974025974,0.973681819558436,0.9517045454545454,0.9265734265734266,0.9276855556685566,False
0,alzheimer_0,Saliva Alzheimer,Classification,0,REZERONET,0.935064935064935,0.9340962904498816,0.935064935064935,0.9339735894357742,0.8948863636363636,0.81524926686217,0.8167996095799414,False
0,alzheimer_0,Saliva Alzheimer,Classification,0,RF,0.8311688311688312,0.8205535205535206,0.8311688311688312,0.8178667693492492,0.7079545454545455,0.471953578336557,0.4883908691055157,False
0,alzheimer_0,Saliva Alzheimer,Classification,0,ROCKET,0.9437229437229436,0.9430676137858458,0.9437229437229436,0.9427771108443376,0.9068181818181816,0.839882697947214,0.8414798855528605,False
0,alzheimer_0,Saliva Alzheimer,Classification,0,SANET,0.7619047619047619,0.5804988662131518,0.7619047619047619,0.658944658944659,0.5,0.0,0.0,False
0,alzheimer_0,Saliva Alzheimer,Classification,0,TABDPT,0.9567099567099568,0.956364768129474,0.9567099567099568,0.9561363659307268,0.927840909090909,0.8776223776223776,0.8786757527275763,False
0,alzheimer_0,Saliva Alzheimer,Classification,0,TABICL,0.974025974025974,0.97416744475568,0.974025974025974,0.973681819558436,0.9517045454545454,0.9265734265734266,0.9276855556685566,False
0,alzheimer_0,Saliva Alzheimer,Classification,0,TABM,0.7965367965367965,0.8061471200429017,0.7965367965367965,0.8005591831678789,0.7414772727272727,0.462710941752858,0.4641995760673125,False
0,alzheimer_0,Saliva Alzheimer,Classification,0,XGB,0.8268398268398268,0.8171108126575718,0.8268398268398268,0.8190924721536966,0.7238636363636364,0.484029484029484,0.4899345602527287,False
0,alzheimer_0,Saliva Alzheimer,Classification,0,XT,0.8138528138528138,0.799249222301986,0.8138528138528138,0.7949556650246306,0.6715909090909091,0.4007962840079628,0.4231169486812204,False
0,bacteria_identification_0,Pathogenic Bacteria,Classification,0,ARSENAL,0.815796178343949,0.8190011004533277,0.815796178343949,0.8112041856057248,0.8152820760799486,0.8083802313141353,0.8087974755709914,False
0,bacteria_identification_0,Pathogenic Bacteria,Classification,0,AUTOGLUON,0.9028025477707008,0.9032967240372206,0.9028025477707008,0.9025145496886878,0.9025274016763378,0.898981091263274,0.8990218396216965,False
0,bacteria_identification_0,Pathogenic Bacteria,Classification,0,CAT,0.8015286624203821,0.8048726159761577,0.8015286624203821,0.8014893500060548,0.8038330109606704,0.7936301970842332,0.7937943991502191,False
0,bacteria_identification_0,Pathogenic Bacteria,Classification,0,COATNET,0.8612101910828025,0.861215638166933,0.8612101910828025,0.8610568131948373,0.8626885880077368,0.8557759720070404,0.8557898995364344,False
0,bacteria_identification_0,Pathogenic Bacteria,Classification,0,DEEPCNN,0.9228025477707006,0.9242540916902904,0.9228025477707006,0.922850840563568,0.9269197292069632,0.9197914317569176,0.9198437375728936,False
0,bacteria_identification_0,Pathogenic Bacteria,Classification,0,DUMMY,0.0598726114649681,0.003584729603635,0.0598726114649681,0.006764453699167,0.0333333333333333,0.0,0.0,False
0,bacteria_identification_0,Pathogenic Bacteria,Classification,0,FASTAI,0.9319745222929936,0.9326072267404812,0.9319745222929936,0.9321543397131444,0.9340409413281754,0.9293262270103496,0.92933694308491,False
0,bacteria_identification_0,Pathogenic Bacteria,Classification,0,FCRESNEXT,0.9056687898089172,0.9096814860312084,0.9056687898089172,0.9051273505324288,0.903196324951644,0.901931905650629,0.9022303737700692,False
0,bacteria_identification_0,Pathogenic Bacteria,Classification,0,GBM,0.6221656050955414,0.6405202397947111,0.6221656050955414,0.6240977319084068,0.617498388136686,0.6061563704563571,0.6071624435559988,False
0,bacteria_identification_0,Pathogenic Bacteria,Classification,0,KNN,0.305796178343949,0.3872380316962313,0.305796178343949,0.2588922603176525,0.2944825918762089,0.2803868175863643,0.3042255269676671,False
0,bacteria_identification_0,Pathogenic Bacteria,Classification,0,LR,0.750063694267516,0.7487656713464007,0.750063694267516,0.7492112455850094,0.7664764667956158,0.7403361769565364,0.7403516756233628,False
0,bacteria_identification_0,Pathogenic Bacteria,Classification,0,MITRA,0.7071337579617835,0.7187520481759891,0.7071337579617835,0.7059592454441713,0.7100564152159896,0.6952569512017511,0.6960843434321252,False
0,bacteria_identification_0,Pathogenic Bacteria,Classification,0,NN_TORCH,0.9094267515923566,0.910409045961887,0.9094267515923566,0.9094513716273844,0.9101644100580272,0.9058843863624388,0.9059221406258944,False
0,bacteria_identification_0,Pathogenic Bacteria,Classification,0,PLS,0.4728025477707006,0.5011856035150346,0.4728025477707006,0.4078749230954145,0.4738571889103804,0.449993651277363,0.4540563381692112,False
0,bacteria_identification_0,Pathogenic Bacteria,Classification,0,RAMANFORMER,0.94,0.9400758794860306,0.94,0.9397715277002974,0.9416521598968408,0.9376684789480338,0.9376878251460647,False
0,bacteria_identification_0,Pathogenic Bacteria,Classification,0,RAMANNET,0.947452229299363,0.9479862653555214,0.947452229299363,0.947462082366502,0.948903932946486,0.9454069557923842,0.9454294131459892,False
0,bacteria_identification_0,Pathogenic Bacteria,Classification,0,RAMANTRANSFORMER,0.8271974522292994,0.8441080787096723,0.8271974522292994,0.8246375606274067,0.8249742101869763,0.820416724638781,0.8210582265623663,False
0,bacteria_identification_0,Pathogenic Bacteria,Classification,0,REALMLP,0.8903184713375796,0.8948355803546307,0.8903184713375796,0.8899523103328727,0.8910235332043843,0.8859932065016858,0.8861881987692902,False
0,bacteria_identification_0,Pathogenic Bacteria,Classification,0,REALTABPFN-V2,0.8871974522292994,0.8887760030927324,0.8871974522292994,0.8864342240173789,0.8857801418439716,0.8827550437380483,0.8828695449923454,False
0,bacteria_identification_0,Pathogenic Bacteria,Classification,0,REALTABPFN-V2.5,0.9010828025477708,0.9014873049330184,0.9010828025477708,0.9000501836466829,0.9012072856221792,0.8972017505396654,0.8972826670928536,False
0,bacteria_identification_0,Pathogenic Bacteria,Classification,0,REZERONET,0.902420382165605,0.9031699478097408,0.902420382165605,0.9025331750436034,0.903563829787234,0.8985995059063583,0.8986200946132334,False
0,bacteria_identification_0,Pathogenic Bacteria,Classification,0,RF,0.6297452229299363,0.6799261777534684,0.6297452229299363,0.6147687634905338,0.6054787234042553,0.6129498630160225,0.6178221240627467,False
0,bacteria_identification_0,Pathogenic Bacteria,Classification,0,ROCKET,0.8604458598726115,0.8629049604588446,0.8604458598726115,0.8587869863197095,0.8609735654416506,0.8548878080059397,0.8550910024480407,False
0,bacteria_identification_0,Pathogenic Bacteria,Classification,0,SANET,0.9313375796178344,0.9335189256411516,0.9313375796178344,0.9318788078415672,0.9323565441650548,0.9286593757705918,0.9287031813241464,False
0,bacteria_identification_0,Pathogenic Bacteria,Classification,0,TABDPT,0.8747770700636943,0.8766852070568413,0.8747770700636943,0.8745878133760785,0.8755609284332689,0.8698526543924339,0.8699351365255122,False
0,bacteria_identification_0,Pathogenic Bacteria,Classification,0,TABICL,0.905095541401274,0.9057054113979424,0.905095541401274,0.9050609266032807,0.9043681495809156,0.901383572500548,0.9014114364642704,False
0,bacteria_identification_0,Pathogenic Bacteria,Classification,0,TABM,0.9317834394904458,0.932428155971349,0.9317834394904458,0.9318556457011692,0.934659896840748,0.9291294974489958,0.9291501084518128,False
0,bacteria_identification_0,Pathogenic Bacteria,Classification,0,XGB,0.8415286624203822,0.845763575124158,0.8415286624203822,0.8421539291264143,0.8418181818181819,0.8352032873614621,0.8353694840266694,False
0,bacteria_identification_0,Pathogenic Bacteria,Classification,0,XT,0.5830573248407643,0.660122074112269,0.5830573248407643,0.561676925740594,0.5549049000644746,0.5634887869520897,0.570600833924017,False
0,cancer_cell_(cooh)2_0,Cancer Cell Metabolite ((COOH)2),Classification,0,ARSENAL,0.9761904761904762,0.9775733525733524,0.9761904761904762,0.9761342625023566,0.975,0.9740081138692154,0.9741421017445528,False
0,cancer_cell_(cooh)2_0,Cancer Cell Metabolite ((COOH)2),Classification,0,AUTOGLUON,0.992063492063492,0.9927849927849928,0.992063492063492,0.9920436010661574,0.9916666666666668,0.9913366336633664,0.9914048019036852,False
0,cancer_cell_(cooh)2_0,Cancer Cell Metabolite ((COOH)2),Classification,0,CAT,0.9603174603174603,0.9624218374218374,0.9603174603174603,0.9602413556320062,0.9602564102564104,0.9566801897820256,0.9568776153012468,False
0,cancer_cell_(cooh)2_0,Cancer Cell Metabolite ((COOH)2),Classification,0,COATNET,0.5793650793650794,0.5836883574978813,0.5793650793650794,0.5726657620340356,0.57511655011655,0.5406836783822822,0.5419904781255493,False
0,cancer_cell_(cooh)2_0,Cancer Cell Metabolite ((COOH)2),Classification,0,DEEPCNN,1.0,1.0,1.0,1.0,1.0,1.0,1.0,False
0,cancer_cell_(cooh)2_0,Cancer Cell Metabolite ((COOH)2),Classification,0,DUMMY,0.1031746031746031,0.0106449987402368,0.1031746031746031,0.0192988466369761,0.0833333333333333,0.0,0.0,False
0,cancer_cell_(cooh)2_0,Cancer Cell Metabolite ((COOH)2),Classification,0,FASTAI,0.9206349206349206,0.94007844007844,0.9206349206349206,0.9186520908897504,0.9212703962703964,0.91340206185567,0.9154799880376936,False
0,cancer_cell_(cooh)2_0,Cancer Cell Metabolite ((COOH)2),Classification,0,FCRESNEXT,0.984126984126984,0.9848484848484848,0.984126984126984,0.984126984126984,0.9860139860139862,0.9826744585768306,0.9827420242024204,False
0,cancer_cell_(cooh)2_0,Cancer Cell Metabolite ((COOH)2),Classification,0,GBM,0.9365079365079364,0.9407166907166908,0.9365079365079364,0.9353293984769092,0.9352564102564102,0.930697834307322,0.9312101237820298,False
0,cancer_cell_(cooh)2_0,Cancer Cell Metabolite ((COOH)2),Classification,0,KNN,0.9444444444444444,0.9512506012506012,0.9444444444444444,0.9429546665533052,0.9431818181818182,0.939331407346265,0.9401729214040006,False
0,cancer_cell_(cooh)2_0,Cancer Cell Metabolite ((COOH)2),Classification,0,LR,0.9682539682539684,0.96948223733938,0.9682539682539684,0.9681756534576992,0.9674242424242424,0.9653393851867136,0.9654722353718324,False
0,cancer_cell_(cooh)2_0,Cancer Cell Metabolite ((COOH)2),Classification,0,MITRA,0.992063492063492,0.9927849927849928,0.992063492063492,0.9920436010661574,0.9916666666666668,0.9913366336633664,0.9914048019036852,False
0,cancer_cell_(cooh)2_0,Cancer Cell Metabolite ((COOH)2),Classification,0,NN_TORCH,0.984126984126984,0.9855699855699857,0.984126984126984,0.9840872021323148,0.9833333333333334,0.9826732673267328,0.9828084262940628,False
0,cancer_cell_(cooh)2_0,Cancer Cell Metabolite ((COOH)2),Classification,0,PLS,0.8571428571428571,0.8037286787286788,0.8571428571428571,0.8260432159827387,0.8507575757575757,0.8440272333402105,0.8480619052393886,False
0,cancer_cell_(cooh)2_0,Cancer Cell Metabolite ((COOH)2),Classification,0,RAMANFORMER,0.984126984126984,0.985355253212396,0.984126984126984,0.984048669330715,0.984090909090909,0.9826696925933568,0.9828049277785932,False
0,cancer_cell_(cooh)2_0,Cancer Cell Metabolite ((COOH)2),Classification,0,RAMANNET,0.9682539682539684,0.9744699744699744,0.9682539682539684,0.9689166411543004,0.9705128205128206,0.965360824742268,0.9658919084611256,False
0,cancer_cell_(cooh)2_0,Cancer Cell Metabolite ((COOH)2),Classification,0,RAMANTRANSFORMER,0.0793650793650793,0.0062988158226253,0.0793650793650793,0.0116713352007469,0.0833333333333333,0.0,0.0,False
0,cancer_cell_(cooh)2_0,Cancer Cell Metabolite ((COOH)2),Classification,0,REALMLP,0.9523809523809524,0.957130832130832,0.9523809523809524,0.9521445142018312,0.951923076923077,0.9480162277384308,0.9484729009354526,False
0,cancer_cell_(cooh)2_0,Cancer Cell Metabolite ((COOH)2),Classification,0,REALTABPFN-V2,0.9761904761904762,0.9782948532948532,0.9761904761904762,0.9761644968183052,0.976923076923077,0.9740134744947064,0.9742144009828972,False
0,cancer_cell_(cooh)2_0,Cancer Cell Metabolite ((COOH)2),Classification,0,REALTABPFN-V2.5,0.984126984126984,0.9855699855699857,0.984126984126984,0.984137327445598,0.9852564102564104,0.9826768405856878,0.9828119651966462,False
0,cancer_cell_(cooh)2_0,Cancer Cell Metabolite ((COOH)2),Classification,0,REZERONET,0.9682539682539684,0.9744098494098494,0.9682539682539684,0.9682176455631832,0.9724358974358974,0.9653655854865312,0.966029441126434,False
0,cancer_cell_(cooh)2_0,Cancer Cell Metabolite ((COOH)2),Classification,0,RF,0.9285714285714286,0.9392135642135644,0.9285714285714286,0.9282936097799344,0.9307692307692308,0.9220725673446948,0.923087646678168,False
0,cancer_cell_(cooh)2_0,Cancer Cell Metabolite ((COOH)2),Classification,0,ROCKET,0.9682539682539684,0.9715608465608466,0.9682539682539684,0.9685214353406572,0.9666666666666668,0.9653441518256206,0.9656097964226796,False
0,cancer_cell_(cooh)2_0,Cancer Cell Metabolite ((COOH)2),Classification,0,SANET,0.0793650793650793,0.0062988158226253,0.0793650793650793,0.0116713352007469,0.0833333333333333,0.0,0.0,False
0,cancer_cell_(cooh)2_0,Cancer Cell Metabolite ((COOH)2),Classification,0,TABDPT,0.9285714285714286,0.9412578162578162,0.9285714285714286,0.929490061131665,0.9303613053613052,0.9220725673446948,0.9233419057786182,False
0,cancer_cell_(cooh)2_0,Cancer Cell Metabolite ((COOH)2),Classification,0,TABICL,0.984126984126984,0.9855098605098604,0.984126984126984,0.9840707704388644,0.9833333333333334,0.9826720759128104,0.982807255632291,False
0,cancer_cell_(cooh)2_0,Cancer Cell Metabolite ((COOH)2),Classification,0,TABM,0.984126984126984,0.9855699855699857,0.984126984126984,0.9840872021323148,0.9833333333333334,0.9826732673267328,0.9828084262940628,False
0,cancer_cell_(cooh)2_0,Cancer Cell Metabolite ((COOH)2),Classification,0,XGB,0.9365079365079364,0.9411976911976913,0.9365079365079364,0.9362550666353652,0.936013986013986,0.9306835373401184,0.9311319294451668,False
0,cancer_cell_(cooh)2_0,Cancer Cell Metabolite ((COOH)2),Classification,0,XT,0.9047619047619048,0.9093402188640284,0.9047619047619048,0.9023758293738872,0.9046037296037296,0.8960538979788257,0.8969174541599724,False
0,cancer_cell_cooh_0,Cancer Cell Metabolite (COOH),Classification,0,ARSENAL,0.9448818897637796,0.9502164502164502,0.9448818897637796,0.9447114166550552,0.9454545454545454,0.9398389388915206,0.9403481318928076,False
0,cancer_cell_cooh_0,Cancer Cell Metabolite (COOH),Classification,0,AUTOGLUON,0.9763779527559056,0.978465759961823,0.9763779527559056,0.9758617129380566,0.9757575757575756,0.9742149431510556,0.974478779294864,False
0,cancer_cell_cooh_0,Cancer Cell Metabolite (COOH),Classification,0,CAT,0.9291338582677166,0.9333406750729584,0.9291338582677166,0.928801662950026,0.9287878787878788,0.9226448294531672,0.9230822351738658,False
0,cancer_cell_cooh_0,Cancer Cell Metabolite (COOH),Classification,0,COATNET,0.6614173228346457,0.7035154259563708,0.6614173228346457,0.6654398086342805,0.6637529137529138,0.6304892076595169,0.6331936293786882,False
0,cancer_cell_cooh_0,Cancer Cell Metabolite (COOH),Classification,0,DEEPCNN,0.984251968503937,0.985623956096397,0.984251968503937,0.9842356661938996,0.9848484848484848,0.9828111253975772,0.9829441646879028,False
0,cancer_cell_cooh_0,Cancer Cell Metabolite (COOH),Classification,0,DUMMY,0.1023622047244094,0.0104780209560419,0.1023622047244094,0.0190101237345331,0.0833333333333333,0.0,0.0,False
0,cancer_cell_cooh_0,Cancer Cell Metabolite (COOH),Classification,0,FASTAI,0.8976377952755905,0.9123114418390008,0.8976377952755905,0.8951272395298413,0.8962121212121213,0.8882874348738075,0.8900352810441078,False
0,cancer_cell_cooh_0,Cancer Cell Metabolite (COOH),Classification,0,FCRESNEXT,0.9212598425196852,0.9293449332819412,0.9212598425196852,0.9212234146798416,0.920104895104895,0.9140207162683636,0.9147024344431685,False
0,cancer_cell_cooh_0,Cancer Cell Metabolite (COOH),Classification,0,GBM,0.8503937007874016,0.8595841822219775,0.8503937007874016,0.8484202060554787,0.8504079254079254,0.8366946399566866,0.837886311179401,False
0,cancer_cell_cooh_0,Cancer Cell Metabolite (COOH),Classification,0,KNN,0.9212598425196852,0.9256161161672972,0.9212598425196852,0.9210052890119198,0.9212121212121211,0.9140439932318104,0.9144773822814826,False
0,cancer_cell_cooh_0,Cancer Cell Metabolite (COOH),Classification,0,LR,0.9763779527559056,0.978406108327368,0.9763779527559056,0.9763256137605224,0.9765151515151516,0.9742149431510556,0.9744128001635182,False
0,cancer_cell_cooh_0,Cancer Cell Metabolite (COOH),Classification,0,MITRA,0.9606299212598424,0.9674531505240168,0.9606299212598424,0.960591882536422,0.9590909090909092,0.9570249052517596,0.9576732522573976,False
0,cancer_cell_cooh_0,Cancer Cell Metabolite (COOH),Classification,0,NN_TORCH,0.9606299212598424,0.9603396166388292,0.9606299212598424,0.9598045095621628,0.959848484848485,0.9570249052517596,0.9571544693091124,False
0,cancer_cell_cooh_0,Cancer Cell Metabolite (COOH),Classification,0,PLS,0.84251968503937,0.8791877413924658,0.84251968503937,0.8266563882311913,0.8409673659673659,0.8281228853701448,0.8319594277802903,False
0,cancer_cell_cooh_0,Cancer Cell Metabolite (COOH),Classification,0,RAMANFORMER,0.968503937007874,0.9705917442137916,0.968503937007874,0.9680751862538922,0.968939393939394,0.9656245770740288,0.965886024824343,False
0,cancer_cell_cooh_0,Cancer Cell Metabolite (COOH),Classification,0,RAMANNET,0.968503937007874,0.9710570269625388,0.968503937007874,0.968450115984306,0.968939393939394,0.9656245770740288,0.965886024824343,False
0,cancer_cell_cooh_0,Cancer Cell Metabolite (COOH),Classification,0,RAMANTRANSFORMER,0.1023622047244094,0.0104780209560419,0.1023622047244094,0.0190101237345331,0.0833333333333333,0.0,0.0,False
0,cancer_cell_cooh_0,Cancer Cell Metabolite (COOH),Classification,0,REALMLP,0.9763779527559056,0.978406108327368,0.9763779527559056,0.976305879385214,0.9757575757575756,0.9742131979695432,0.9744110836519814,False
0,cancer_cell_cooh_0,Cancer Cell Metabolite (COOH),Classification,0,REALTABPFN-V2,0.9606299212598424,0.9674531505240168,0.9606299212598424,0.9610523512936168,0.9590909090909092,0.9570249052517596,0.9576083582541208,False
0,cancer_cell_cooh_0,Cancer Cell Metabolite (COOH),Classification,0,REALTABPFN-V2.5,0.9921259842519684,0.992841803865426,0.9921259842519684,0.9921259842519684,0.9924242424242424,0.9914055626987888,0.991472658364916,False
0,cancer_cell_cooh_0,Cancer Cell Metabolite (COOH),Classification,0,REZERONET,0.9763779527559056,0.9796587926509186,0.9763779527559056,0.9763200647349912,0.9784382284382284,0.9742219215155616,0.9745516096771404,False
0,cancer_cell_cooh_0,Cancer Cell Metabolite (COOH),Classification,0,RF,0.8346456692913385,0.8536332433970228,0.8346456692913385,0.8339168092828202,0.8364219114219115,0.8195900696746262,0.8211462061190344,False
0,cancer_cell_cooh_0,Cancer Cell Metabolite (COOH),Classification,0,ROCKET,0.952755905511811,0.9573149947165694,0.952755905511811,0.9524994019669598,0.9515151515151516,0.9484194137954376,0.9488692410281024,False
0,cancer_cell_cooh_0,Cancer Cell Metabolite (COOH),Classification,0,SANET,0.937007874015748,0.9416266148549614,0.937007874015748,0.9376425634196044,0.9363636363636364,0.9312351945854483,0.9315505169443542,False
0,cancer_cell_cooh_0,Cancer Cell Metabolite (COOH),Classification,0,TABDPT,0.952755905511811,0.9563747713354012,0.952755905511811,0.9525930072138112,0.9530303030303032,0.948440354557142,0.9488255797076788,False
0,cancer_cell_cooh_0,Cancer Cell Metabolite (COOH),Classification,0,TABICL,0.952755905511811,0.9561816136619286,0.952755905511811,0.9521748377943984,0.9515151515151516,0.9484229051035604,0.9488083732342196,False
0,cancer_cell_cooh_0,Cancer Cell Metabolite (COOH),Classification,0,TABM,0.952755905511811,0.957468384633739,0.952755905511811,0.9525607978012524,0.9515151515151516,0.948433376192732,0.9488829489770422,False
0,cancer_cell_cooh_0,Cancer Cell Metabolite (COOH),Classification,0,XGB,0.8267716535433071,0.8434782627696014,0.8267716535433071,0.8263361920617006,0.8288461538461539,0.8109863347314301,0.8125814795920929,False
0,cancer_cell_cooh_0,Cancer Cell Metabolite (COOH),Classification,0,XT,0.84251968503937,0.8614222173277291,0.84251968503937,0.8445399611609814,0.843997668997669,0.8282042610754142,0.8295512717548008,False
0,cancer_cell_nh2_0,Cancer Cell Metabolite (NH2),Classification,0,ARSENAL,1.0,1.0,1.0,1.0,1.0,1.0,1.0,False
0,cancer_cell_nh2_0,Cancer Cell Metabolite (NH2),Classification,0,AUTOGLUON,0.9921259842519684,0.992841803865426,0.9921259842519684,0.99210624987666,0.9916666666666668,0.99140381751726,0.9914709289620832,False
0,cancer_cell_nh2_0,Cancer Cell Metabolite (NH2),Classification,0,CAT,0.9606299212598424,0.9634454784061084,0.9606299212598424,0.9607581946993468,0.9583333333333334,0.957001625135428,0.9572611244836292,False
0,cancer_cell_nh2_0,Cancer Cell Metabolite (NH2),Classification,0,COATNET,0.8031496062992126,0.8177951969290552,0.8031496062992126,0.8024175185128377,0.8037781662781662,0.7851972126378459,0.7865814722037471,False
0,cancer_cell_nh2_0,Cancer Cell Metabolite (NH2),Classification,0,DEEPCNN,0.9921259842519684,0.992841803865426,0.9921259842519684,0.9921259842519684,0.9924242424242424,0.991404399323181,0.991471503993502,False
0,cancer_cell_nh2_0,Cancer Cell Metabolite (NH2),Classification,0,DUMMY,0.1023622047244094,0.0104780209560419,0.1023622047244094,0.0190101237345331,0.0833333333333333,0.0,0.0,False
0,cancer_cell_nh2_0,Cancer Cell Metabolite (NH2),Classification,0,FASTAI,0.9291338582677166,0.9423168694822238,0.9291338582677166,0.9277849631144284,0.9250000000000002,0.9226343576553404,0.9244507537228296,False
0,cancer_cell_nh2_0,Cancer Cell Metabolite (NH2),Classification,0,FCRESNEXT,0.968503937007874,0.9705917442137916,0.968503937007874,0.9688231190780786,0.9666666666666668,0.9656129425302916,0.9657437068725744,False
0,cancer_cell_nh2_0,Cancer Cell Metabolite (NH2),Classification,0,GBM,0.9133858267716536,0.9143665608232536,0.9133858267716536,0.9128419473881554,0.9170066045066044,0.9054355919583024,0.9056195321948798,False
0,cancer_cell_nh2_0,Cancer Cell Metabolite (NH2),Classification,0,KNN,0.937007874015748,0.9463043518161628,0.937007874015748,0.9374491124401616,0.9352564102564104,0.9312351945854483,0.931992401231646,False
0,cancer_cell_nh2_0,Cancer Cell Metabolite (NH2),Classification,0,LR,0.984251968503937,0.9856836077308518,0.984251968503937,0.9842322341286288,0.984090909090909,0.982808798646362,0.9829418556331272,False
0,cancer_cell_nh2_0,Cancer Cell Metabolite (NH2),Classification,0,MITRA,1.0,1.0,1.0,1.0,1.0,1.0,1.0,False
0,cancer_cell_nh2_0,Cancer Cell Metabolite (NH2),Classification,0,NN_TORCH,0.9921259842519684,0.992841803865426,0.9921259842519684,0.99210624987666,0.9916666666666668,0.99140381751726,0.9914709289620832,False
0,cancer_cell_nh2_0,Cancer Cell Metabolite (NH2),Classification,0,PLS,0.9133858267716536,0.935099021713195,0.9133858267716536,0.8991246907533686,0.9090909090909092,0.9054483925549917,0.9085279504709092,False
0,cancer_cell_nh2_0,Cancer Cell Metabolite (NH2),Classification,0,RAMANFORMER,0.9763779527559056,0.9778095919828204,0.9763779527559056,0.9763582183805972,0.9757575757575756,0.9742131979695432,0.9743450912460044,False
0,cancer_cell_nh2_0,Cancer Cell Metabolite (NH2),Classification,0,RAMANNET,0.9921259842519684,0.992841803865426,0.9921259842519684,0.99210624987666,0.9916666666666668,0.99140381751726,0.9914709289620832,False
0,cancer_cell_nh2_0,Cancer Cell Metabolite (NH2),Classification,0,RAMANTRANSFORMER,0.1496062992125984,0.0534308211473565,0.1496062992125984,0.073841576254581,0.1583333333333333,0.0746812386156648,0.088078335444886,False
0,cancer_cell_nh2_0,Cancer Cell Metabolite (NH2),Classification,0,REALMLP,1.0,1.0,1.0,1.0,1.0,1.0,1.0,False
0,cancer_cell_nh2_0,Cancer Cell Metabolite (NH2),Classification,0,REALTABPFN-V2,1.0,1.0,1.0,1.0,1.0,1.0,1.0,False
0,cancer_cell_nh2_0,Cancer Cell Metabolite (NH2),Classification,0,REALTABPFN-V2.5,0.9921259842519684,0.992841803865426,0.9921259842519684,0.99210624987666,0.9916666666666668,0.99140381751726,0.9914709289620832,False
0,cancer_cell_nh2_0,Cancer Cell Metabolite (NH2),Classification,0,REZERONET,1.0,1.0,1.0,1.0,1.0,1.0,1.0,False
0,cancer_cell_nh2_0,Cancer Cell Metabolite (NH2),Classification,0,RF,0.9133858267716536,0.9204965310280272,0.9133858267716536,0.9133705745946912,0.909848484848485,0.9053779463560012,0.9060539240826192,False
0,cancer_cell_nh2_0,Cancer Cell Metabolite (NH2),Classification,0,ROCKET,0.9606299212598424,0.9652919259218472,0.9606299212598424,0.9607763383644028,0.9583333333333334,0.9570132683455186,0.9574022805651924,False
0,cancer_cell_nh2_0,Cancer Cell Metabolite (NH2),Classification,0,SANET,0.0787401574803149,0.0062000124000247,0.0787401574803149,0.0114949135007759,0.0833333333333333,0.0,0.0,False
0,cancer_cell_nh2_0,Cancer Cell Metabolite (NH2),Classification,0,TABDPT,0.968503937007874,0.9737532808398952,0.968503937007874,0.9686462637146434,0.9666666666666668,0.9656152700690402,0.9660731091499009,False
0,cancer_cell_nh2_0,Cancer Cell Metabolite (NH2),Classification,0,TABICL,0.9921259842519684,0.992841803865426,0.9921259842519684,0.99210624987666,0.9916666666666668,0.99140381751726,0.9914709289620832,False
0,cancer_cell_nh2_0,Cancer Cell Metabolite (NH2),Classification,0,TABM,0.984251968503937,0.9849677881173944,0.984251968503937,0.9842322341286286,0.9833333333333334,0.98280763503452,0.9828741645749608,False
0,cancer_cell_nh2_0,Cancer Cell Metabolite (NH2),Classification,0,XGB,0.9291338582677166,0.9338463373896444,0.9291338582677166,0.9291646438931976,0.9303613053613056,0.9226238830219334,0.923124026433693,False
0,cancer_cell_nh2_0,Cancer Cell Metabolite (NH2),Classification,0,XT,0.8976377952755905,0.904748499531964,0.8976377952755905,0.8966203463917923,0.8931818181818182,0.8881739366025467,0.8889577615009425,False
0,comfile_stroke_0,Stroke SERS Serum,Classification,0,ARSENAL,0.996268656716418,0.9962717276288188,0.996268656716418,0.996268650944053,0.9962686567164178,0.9925373134328358,0.992540384340486,False
0,comfile_stroke_0,Stroke SERS Serum,Classification,0,AUTOGLUON,0.9987562189054726,0.9987593052109182,0.9987562189054726,0.9987562169813508,0.9987562189054726,0.9975124378109452,0.9975155241116164,False
0,comfile_stroke_0,Stroke SERS Serum,Classification,0,CAT,0.9888059701492538,0.9888331940963518,0.9888059701492538,0.9888058142934714,0.9888059701492538,0.9776119402985076,0.9776391638665582,False
0,comfile_stroke_0,Stroke SERS Serum,Classification,0,COATNET,0.968905472636816,0.9691406177448412,0.968905472636816,0.968901575808211,0.968905472636816,0.9378109452736318,0.938046060909106,False
0,comfile_stroke_0,Stroke SERS Serum,Classification,0,DEEPCNN,0.996268656716418,0.9962962962962963,0.996268656716418,0.9962686047644904,0.9962686567164178,0.9925373134328358,0.9925649526278798,False
0,comfile_stroke_0,Stroke SERS Serum,Classification,0,DUMMY,0.5,0.25,0.5,0.3333333333333333,0.5,0.0,0.0,False
0,comfile_stroke_0,Stroke SERS Serum,Classification,0,FASTAI,0.9950248756218906,0.9950248756218906,0.9950248756218906,0.9950248756218906,0.9950248756218906,0.9900497512437813,0.9900497512437813,False
0,comfile_stroke_0,Stroke SERS Serum,Classification,0,FCRESNEXT,0.996268656716418,0.9962717276288188,0.996268656716418,0.996268650944053,0.9962686567164178,0.9925373134328358,0.992540384340486,False
0,comfile_stroke_0,Stroke SERS Serum,Classification,0,GBM,0.9912935323383084,0.99129657246462,0.9912935323383084,0.9912935188694568,0.9912935323383084,0.9825870646766168,0.9825901047982254,False
0,comfile_stroke_0,Stroke SERS Serum,Classification,0,KNN,0.968905472636816,0.9704454446686326,0.968905472636816,0.968880005326009,0.968905472636816,0.9378109452736318,0.9393496549894128,False
0,comfile_stroke_0,Stroke SERS Serum,Classification,0,LR,0.996268656716418,0.9962962962962963,0.996268656716418,0.9962686047644904,0.9962686567164178,0.9925373134328358,0.9925649526278798,False
0,comfile_stroke_0,Stroke SERS Serum,Classification,0,MITRA,0.9950248756218906,0.9950371287128714,0.9950248756218906,0.9950248448358012,0.9950248756218903,0.9900497512437813,0.9900620042589392,False
0,comfile_stroke_0,Stroke SERS Serum,Classification,0,NN_TORCH,0.9937810945273632,0.9937841500467192,0.9937810945273632,0.9937810849067548,0.9937810945273632,0.9875621890547264,0.9875652445693556,False
0,comfile_stroke_0,Stroke SERS Serum,Classification,0,PLS,0.9875621890547264,0.9875621890547264,0.9875621890547264,0.9875621890547264,0.9875621890547264,0.9751243781094528,0.9751243781094528,False
0,comfile_stroke_0,Stroke SERS Serum,Classification,0,RAMANFORMER,1.0,1.0,1.0,1.0,1.0,1.0,1.0,False
0,comfile_stroke_0,Stroke SERS Serum,Classification,0,RAMANNET,0.996268656716418,0.9962717276288188,0.996268656716418,0.996268650944053,0.9962686567164178,0.9925373134328358,0.992540384340486,False
0,comfile_stroke_0,Stroke SERS Serum,Classification,0,RAMANTRANSFORMER,0.9154228855721394,0.916670804369414,0.9154228855721394,0.9153595115275291,0.9154228855721394,0.8308457711442786,0.8320927541682029,False
0,comfile_stroke_0,Stroke SERS Serum,Classification,0,REALMLP,0.9875621890547264,0.9875742574257426,0.9875621890547264,0.9875621120895034,0.9875621890547264,0.9751243781094528,0.9751364464057892,False
0,comfile_stroke_0,Stroke SERS Serum,Classification,0,REALTABPFN-V2,0.9987562189054726,0.9987593052109182,0.9987562189054726,0.9987562169813508,0.9987562189054726,0.9975124378109452,0.9975155241116164,False
0,comfile_stroke_0,Stroke SERS Serum,Classification,0,REALTABPFN-V2.5,0.9975124378109452,0.9975247524752476,0.9975124378109452,0.9975124224179008,0.9975124378109452,0.9950248756218906,0.9950371902099892,False
0,comfile_stroke_0,Stroke SERS Serum,Classification,0,REZERONET,0.9975124378109452,0.9975247524752476,0.9975124378109452,0.9975124224179008,0.9975124378109452,0.9950248756218906,0.9950371902099892,False
0,comfile_stroke_0,Stroke SERS Serum,Classification,0,RF,0.9713930348258708,0.9717462519274476,0.9713930348258708,0.9713876790010754,0.9713930348258706,0.9427860696517412,0.9431392206112716,False
0,comfile_stroke_0,Stroke SERS Serum,Classification,0,ROCKET,0.996268656716418,0.9962717276288188,0.996268656716418,0.996268650944053,0.9962686567164178,0.9925373134328358,0.992540384340486,False
0,comfile_stroke_0,Stroke SERS Serum,Classification,0,SANET,0.9987562189054726,0.9987593052109182,0.9987562189054726,0.9987562169813508,0.9987562189054726,0.9975124378109452,0.9975155241116164,False
0,comfile_stroke_0,Stroke SERS Serum,Classification,0,TABDPT,0.986318407960199,0.9863454933630372,0.986318407960199,0.9863182174697984,0.986318407960199,0.972636815920398,0.9726639009461178,False
0,comfile_stroke_0,Stroke SERS Serum,Classification,0,TABICL,0.9987562189054726,0.9987593052109182,0.9987562189054726,0.9987562169813508,0.9987562189054726,0.9975124378109452,0.9975155241116164,False
0,comfile_stroke_0,Stroke SERS Serum,Classification,0,TABM,0.9900497512437813,0.9900982746243534,0.9900497512437813,0.9900495049504952,0.9900497512437813,0.9800995024875622,0.9801480246670308,False
0,comfile_stroke_0,Stroke SERS Serum,Classification,0,XGB,0.9825870646766168,0.9827782592546738,0.9825870646766168,0.9825853404955812,0.9825870646766168,0.965174129353234,0.9653653049978536,False
0,comfile_stroke_0,Stroke SERS Serum,Classification,0,XT,0.9589552238805972,0.9597774540495304,0.9589552238805972,0.9589368653530962,0.958955223880597,0.917910447761194,0.9187323099979736,False
0,covid19_salvia_0,Saliva COVID-19,Classification,0,ARSENAL,0.8642714570858283,0.8694096648458068,0.8642714570858283,0.8638753124253318,0.8588682658562177,0.7947030642682817,0.7977652827460564,False
0,covid19_salvia_0,Saliva COVID-19,Classification,0,AUTOGLUON,0.9580838323353292,0.9593849462630544,0.9580838323353292,0.9575842014218724,0.9576091754405008,0.9368718536430238,0.9379591207068392,False
0,covid19_salvia_0,Saliva COVID-19,Classification,0,CAT,0.656686626746507,0.6577141423408119,0.656686626746507,0.6564107178718322,0.6543869170375194,0.4817314111469968,0.4823648502951026,False
0,covid19_salvia_0,Saliva COVID-19,Classification,0,COATNET,0.7904191616766467,0.793442422738206,0.7904191616766467,0.7889357374745275,0.7923050761604978,0.685160247778077,0.6876343373631552,False
0,covid19_salvia_0,Saliva COVID-19,Classification,0,DEEPCNN,0.8562874251497006,0.8665484765458731,0.8562874251497006,0.8543572546542679,0.853216107673939,0.7834683954619125,0.7891976706542793,False
0,covid19_salvia_0,Saliva COVID-19,Classification,0,DUMMY,0.3692614770459081,0.1363540384301257,0.3692614770459081,0.199164353508726,0.3333333333333333,0.0,0.0,False
0,covid19_salvia_0,Saliva COVID-19,Classification,0,FASTAI,0.5848303393213573,0.5914083941016469,0.5848303393213573,0.5857135999295997,0.5862064474112666,0.3767799580166139,0.3782664396142643,False
0,covid19_salvia_0,Saliva COVID-19,Classification,0,FCRESNEXT,0.656686626746507,0.7034179975728437,0.656686626746507,0.6397516872515464,0.6367292593798618,0.4721437803600634,0.5072606246838368,False
0,covid19_salvia_0,Saliva COVID-19,Classification,0,GBM,0.6506986027944112,0.6521798186025308,0.6506986027944112,0.650938179425603,0.6491797821918305,0.4733475095509263,0.4737271925143008,False
0,covid19_salvia_0,Saliva COVID-19,Classification,0,KNN,0.6327345309381237,0.6332676350822396,0.6327345309381237,0.6323771497464705,0.6354781287311407,0.4485778375953343,0.4490324297532139,False
0,covid19_salvia_0,Saliva COVID-19,Classification,0,LR,0.6966067864271457,0.6987342761188192,0.6966067864271457,0.6971106697594978,0.6918586055935454,0.543228685564846,0.5436429768271976,False
0,covid19_salvia_0,Saliva COVID-19,Classification,0,MITRA,0.812375249500998,0.8123115058838398,0.812375249500998,0.8118017259773945,0.8082774340605666,0.7170579894739372,0.7175643952019546,False
0,covid19_salvia_0,Saliva COVID-19,Classification,0,NN_TORCH,0.7405189620758483,0.743409817687146,0.7405189620758483,0.7395131758335929,0.735258149715981,0.6074519636442537,0.6096674870883644,False
0,covid19_salvia_0,Saliva COVID-19,Classification,0,PLS,0.7604790419161677,0.7602374094069179,0.7604790419161677,0.7597775383855893,0.754933970114693,0.6387214633823891,0.6392346396195655,False
0,covid19_salvia_0,Saliva COVID-19,Classification,0,RAMANFORMER,0.3013972055888224,0.4211576846307385,0.3013972055888224,0.1421532798061179,0.3353413654618474,0.002758267694145,0.0375619290302828,False
0,covid19_salvia_0,Saliva COVID-19,Classification,0,RAMANNET,0.7065868263473054,0.729193355663519,0.7065868263473054,0.7036907666951926,0.7030572741416116,0.5573273867126689,0.5665035330784752,False
0,covid19_salvia_0,Saliva COVID-19,Classification,0,RAMANTRANSFORMER,0.2994011976047904,0.0896410771271827,0.2994011976047904,0.1379729021220232,0.3333333333333333,0.0,0.0,False
0,covid19_salvia_0,Saliva COVID-19,Classification,0,REALMLP,0.590818363273453,0.590803382751413,0.590818363273453,0.5897368478707532,0.5869315098230761,0.38170117212192,0.3824137939062927,False
0,covid19_salvia_0,Saliva COVID-19,Classification,0,REALTABPFN-V2,0.8962075848303394,0.8965134216448994,0.8962075848303394,0.8953855208231047,0.8918933391222548,0.843316974595843,0.8443032798306636,False
0,covid19_salvia_0,Saliva COVID-19,Classification,0,REALTABPFN-V2.5,0.9620758483033932,0.9622121773878536,0.9620758483033932,0.9618607449567312,0.9614030898368248,0.9428881702495304,0.9431656068952984,False
0,covid19_salvia_0,Saliva COVID-19,Classification,0,REZERONET,0.8702594810379242,0.8715334008864715,0.8702594810379242,0.8691277915594486,0.8672564130395456,0.8043909178279673,0.8060225153059286,False
0,covid19_salvia_0,Saliva COVID-19,Classification,0,RF,0.6207584830339321,0.6247345113168737,0.6207584830339321,0.6203641346837713,0.6173616990484461,0.4265317187782397,0.4283541034552031,False
0,covid19_salvia_0,Saliva COVID-19,Classification,0,ROCKET,0.8662674650698603,0.8664688132846758,0.8662674650698603,0.8663046508210126,0.8657071529360687,0.7986551819283324,0.7987126775694603,False
0,covid19_salvia_0,Saliva COVID-19,Classification,0,SANET,0.8842315369261478,0.884562089948139,0.8842315369261478,0.8831360519482656,0.8796389160244583,0.8254261013751795,0.8266268382807683,False
0,covid19_salvia_0,Saliva COVID-19,Classification,0,TABDPT,0.9181636726546906,0.9175530006970114,0.9181636726546906,0.9173020814890092,0.9146640616520134,0.8766906189781548,0.8772339546230398,False
0,covid19_salvia_0,Saliva COVID-19,Classification,0,TABICL,0.9441117764471058,0.94520350023224,0.9441117764471058,0.9435119282400604,0.9439574514273308,0.9158644763121436,0.9169264143152638,False
0,covid19_salvia_0,Saliva COVID-19,Classification,0,TABM,0.656686626746507,0.6564084169801255,0.656686626746507,0.655592710287451,0.657051991750787,0.4831085944623063,0.4838172638768338,False
0,covid19_salvia_0,Saliva COVID-19,Classification,0,XGB,0.6586826347305389,0.6587342785338091,0.6586826347305389,0.657476048700527,0.6540547776692355,0.484248294794382,0.4851523682139041,False
0,covid19_salvia_0,Saliva COVID-19,Classification,0,XT,0.6047904191616766,0.6073709041992142,0.6047904191616766,0.6044572953655551,0.6023285936538949,0.4032664601317413,0.4044141150774821,False
0,diabetes_skin_ear_lobe_0,Diabetes Skin (Ear Lobe),Classification,0,ARSENAL,0.5,0.25,0.5,0.3333333333333333,0.5,0.0,0.0,False
0,diabetes_skin_ear_lobe_0,Diabetes Skin (Ear Lobe),Classification,0,AUTOGLUON,0.5,0.5,0.5,0.5,0.5,0.0,0.0,False
0,diabetes_skin_ear_lobe_0,Diabetes Skin (Ear Lobe),Classification,0,CAT,0.25,0.1666666666666666,0.25,0.2,0.25,-0.5,-0.5773502691896258,False
0,diabetes_skin_ear_lobe_0,Diabetes Skin (Ear Lobe),Classification,0,COATNET,0.5,0.5,0.5,0.5,0.5,0.0,0.0,False
0,diabetes_skin_ear_lobe_0,Diabetes Skin (Ear Lobe),Classification,0,DEEPCNN,0.0,0.0,0.0,0.0,0.0,-1.0,-1.0,False
0,diabetes_skin_ear_lobe_0,Diabetes Skin (Ear Lobe),Classification,0,DUMMY,0.5,0.25,0.5,0.3333333333333333,0.5,0.0,0.0,False
0,diabetes_skin_ear_lobe_0,Diabetes Skin (Ear Lobe),Classification,0,FASTAI,0.5,0.5,0.5,0.5,0.5,0.0,0.0,False
0,diabetes_skin_ear_lobe_0,Diabetes Skin (Ear Lobe),Classification,0,FCRESNEXT,0.25,0.1666666666666666,0.25,0.2,0.25,-0.5,-0.5773502691896258,False
0,diabetes_skin_ear_lobe_0,Diabetes Skin (Ear Lobe),Classification,0,GBM,0.5,0.25,0.5,0.3333333333333333,0.5,0.0,0.0,False
0,diabetes_skin_ear_lobe_0,Diabetes Skin (Ear Lobe),Classification,0,KNN,0.5,0.5,0.5,0.5,0.5,0.0,0.0,False
0,diabetes_skin_ear_lobe_0,Diabetes Skin (Ear Lobe),Classification,0,LR,0.5,0.25,0.5,0.3333333333333333,0.5,0.0,0.0,False
0,diabetes_skin_ear_lobe_0,Diabetes Skin (Ear Lobe),Classification,0,MITRA,0.25,0.1666666666666666,0.25,0.2,0.25,-0.5,-0.5773502691896258,False
0,diabetes_skin_ear_lobe_0,Diabetes Skin (Ear Lobe),Classification,0,NN_TORCH,0.25,0.1666666666666666,0.25,0.2,0.25,-0.5,-0.5773502691896258,False
0,diabetes_skin_ear_lobe_0,Diabetes Skin (Ear Lobe),Classification,0,PLS,0.5,0.25,0.5,0.3333333333333333,0.5,0.0,0.0,False
0,diabetes_skin_ear_lobe_0,Diabetes Skin (Ear Lobe),Classification,0,RAMANFORMER,0.0,0.0,0.0,0.0,0.0,-1.0,-1.0,False
0,diabetes_skin_ear_lobe_0,Diabetes Skin (Ear Lobe),Classification,0,RAMANNET,0.5,0.5,0.5,0.5,0.5,0.0,0.0,False
0,diabetes_skin_ear_lobe_0,Diabetes Skin (Ear Lobe),Classification,0,RAMANTRANSFORMER,0.5,0.25,0.5,0.3333333333333333,0.5,0.0,0.0,False
0,diabetes_skin_ear_lobe_0,Diabetes Skin (Ear Lobe),Classification,0,REALMLP,0.5,0.5,0.5,0.5,0.5,0.0,0.0,False
0,diabetes_skin_ear_lobe_0,Diabetes Skin (Ear Lobe),Classification,0,REALTABPFN-V2,0.5,0.5,0.5,0.5,0.5,0.0,0.0,False
0,diabetes_skin_ear_lobe_0,Diabetes Skin (Ear Lobe),Classification,0,REALTABPFN-V2.5,0.5,0.5,0.5,0.5,0.5,0.0,0.0,False
0,diabetes_skin_ear_lobe_0,Diabetes Skin (Ear Lobe),Classification,0,REZERONET,0.5,0.5,0.5,0.5,0.5,0.0,0.0,False
0,diabetes_skin_ear_lobe_0,Diabetes Skin (Ear Lobe),Classification,0,RF,0.5,0.5,0.5,0.5,0.5,0.0,0.0,False
0,diabetes_skin_ear_lobe_0,Diabetes Skin (Ear Lobe),Classification,0,ROCKET,0.75,0.8333333333333333,0.75,0.7333333333333334,0.75,0.5,0.5773502691896258,False
0,diabetes_skin_ear_lobe_0,Diabetes Skin (Ear Lobe),Classification,0,SANET,0.5,0.25,0.5,0.3333333333333333,0.5,0.0,0.0,False
0,diabetes_skin_ear_lobe_0,Diabetes Skin (Ear Lobe),Classification,0,TABDPT,0.25,0.1666666666666666,0.25,0.2,0.25,-0.5,-0.5773502691896258,False
0,diabetes_skin_ear_lobe_0,Diabetes Skin (Ear Lobe),Classification,0,TABICL,0.75,0.8333333333333333,0.75,0.7333333333333334,0.75,0.5,0.5773502691896258,False
0,diabetes_skin_ear_lobe_0,Diabetes Skin (Ear Lobe),Classification,0,TABM,0.25,0.1666666666666666,0.25,0.2,0.25,-0.5,-0.5773502691896258,False
0,diabetes_skin_ear_lobe_0,Diabetes Skin (Ear Lobe),Classification,0,XGB,0.25,0.1666666666666666,0.25,0.2,0.25,-0.5,-0.5773502691896258,False
0,diabetes_skin_ear_lobe_0,Diabetes Skin (Ear Lobe),Classification,0,XT,0.5,0.5,0.5,0.5,0.5,0.0,0.0,False
0,diabetes_skin_inner_arm_0,Diabetes Skin (Inner Arm),Classification,0,ARSENAL,0.5,0.25,0.5,0.3333333333333333,0.5,0.0,0.0,False
0,diabetes_skin_inner_arm_0,Diabetes Skin (Inner Arm),Classification,0,AUTOGLUON,0.5,0.25,0.5,0.3333333333333333,0.5,0.0,0.0,False
0,diabetes_skin_inner_arm_0,Diabetes Skin (Inner Arm),Classification,0,CAT,0.25,0.1666666666666666,0.25,0.2,0.25,-0.5,-0.5773502691896258,False
0,diabetes_skin_inner_arm_0,Diabetes Skin (Inner Arm),Classification,0,COATNET,0.5,0.5,0.5,0.5,0.5,0.0,0.0,False
0,diabetes_skin_inner_arm_0,Diabetes Skin (Inner Arm),Classification,0,DEEPCNN,0.5,0.25,0.5,0.3333333333333333,0.5,0.0,0.0,False
0,diabetes_skin_inner_arm_0,Diabetes Skin (Inner Arm),Classification,0,DUMMY,0.5,0.25,0.5,0.3333333333333333,0.5,0.0,0.0,False
0,diabetes_skin_inner_arm_0,Diabetes Skin (Inner Arm),Classification,0,FASTAI,0.25,0.1666666666666666,0.25,0.2,0.25,-0.5,-0.5773502691896258,False
0,diabetes_skin_inner_arm_0,Diabetes Skin (Inner Arm),Classification,0,FCRESNEXT,0.5,0.5,0.5,0.5,0.5,0.0,0.0,False
0,diabetes_skin_inner_arm_0,Diabetes Skin (Inner Arm),Classification,0,GBM,0.5,0.25,0.5,0.3333333333333333,0.5,0.0,0.0,False
0,diabetes_skin_inner_arm_0,Diabetes Skin (Inner Arm),Classification,0,KNN,0.25,0.1666666666666666,0.25,0.2,0.25,-0.5,-0.5773502691896258,False
0,diabetes_skin_inner_arm_0,Diabetes Skin (Inner Arm),Classification,0,LR,0.5,0.25,0.5,0.3333333333333333,0.5,0.0,0.0,False
0,diabetes_skin_inner_arm_0,Diabetes Skin (Inner Arm),Classification,0,MITRA,0.5,0.25,0.5,0.3333333333333333,0.5,0.0,0.0,False
0,diabetes_skin_inner_arm_0,Diabetes Skin (Inner Arm),Classification,0,NN_TORCH,0.25,0.1666666666666666,0.25,0.2,0.25,-0.5,-0.5773502691896258,False
0,diabetes_skin_inner_arm_0,Diabetes Skin (Inner Arm),Classification,0,PLS,0.25,0.1666666666666666,0.25,0.2,0.25,-0.5,-0.5773502691896258,False
0,diabetes_skin_inner_arm_0,Diabetes Skin (Inner Arm),Classification,0,RAMANFORMER,0.5,0.5,0.5,0.5,0.5,0.0,0.0,False
0,diabetes_skin_inner_arm_0,Diabetes Skin (Inner Arm),Classification,0,RAMANNET,0.25,0.1666666666666666,0.25,0.2,0.25,-0.5,-0.5773502691896258,False
0,diabetes_skin_inner_arm_0,Diabetes Skin (Inner Arm),Classification,0,RAMANTRANSFORMER,0.5,0.25,0.5,0.3333333333333333,0.5,0.0,0.0,False
0,diabetes_skin_inner_arm_0,Diabetes Skin (Inner Arm),Classification,0,REALMLP,0.25,0.1666666666666666,0.25,0.2,0.25,-0.5,-0.5773502691896258,False
0,diabetes_skin_inner_arm_0,Diabetes Skin (Inner Arm),Classification,0,REALTABPFN-V2,0.5,0.25,0.5,0.3333333333333333,0.5,0.0,0.0,False
0,diabetes_skin_inner_arm_0,Diabetes Skin (Inner Arm),Classification,0,REALTABPFN-V2.5,0.25,0.1666666666666666,0.25,0.2,0.25,-0.5,-0.5773502691896258,False
0,diabetes_skin_inner_arm_0,Diabetes Skin (Inner Arm),Classification,0,REZERONET,0.5,0.25,0.5,0.3333333333333333,0.5,0.0,0.0,False
0,diabetes_skin_inner_arm_0,Diabetes Skin (Inner Arm),Classification,0,RF,0.5,0.25,0.5,0.3333333333333333,0.5,0.0,0.0,False
0,diabetes_skin_inner_arm_0,Diabetes Skin (Inner Arm),Classification,0,ROCKET,0.5,0.25,0.5,0.3333333333333333,0.5,0.0,0.0,False
0,diabetes_skin_inner_arm_0,Diabetes Skin (Inner Arm),Classification,0,SANET,0.5,0.25,0.5,0.3333333333333333,0.5,0.0,0.0,False
0,diabetes_skin_inner_arm_0,Diabetes Skin (Inner Arm),Classification,0,TABDPT,0.5,0.5,0.5,0.5,0.5,0.0,0.0,False
0,diabetes_skin_inner_arm_0,Diabetes Skin (Inner Arm),Classification,0,TABICL,0.5,0.25,0.5,0.3333333333333333,0.5,0.0,0.0,False
0,diabetes_skin_inner_arm_0,Diabetes Skin (Inner Arm),Classification,0,TABM,0.5,0.25,0.5,0.3333333333333333,0.5,0.0,0.0,False
0,diabetes_skin_inner_arm_0,Diabetes Skin (Inner Arm),Classification,0,XGB,0.5,0.5,0.5,0.5,0.5,0.0,0.0,False
0,diabetes_skin_inner_arm_0,Diabetes Skin (Inner Arm),Classification,0,XT,0.5,0.25,0.5,0.3333333333333333,0.5,0.0,0.0,False
0,diabetes_skin_thumbnail_0,Diabetes Skin (Thumbnail),Classification,0,ARSENAL,0.0,0.0,0.0,0.0,0.0,-1.0,-1.0,False
0,diabetes_skin_thumbnail_0,Diabetes Skin (Thumbnail),Classification,0,AUTOGLUON,0.5,0.5,0.5,0.5,0.5,0.0,0.0,False
0,diabetes_skin_thumbnail_0,Diabetes Skin (Thumbnail),Classification,0,CAT,0.25,0.1666666666666666,0.25,0.2,0.25,-0.5,-0.5773502691896258,False
0,diabetes_skin_thumbnail_0,Diabetes Skin (Thumbnail),Classification,0,COATNET,0.5,0.25,0.5,0.3333333333333333,0.5,0.0,0.0,False
0,diabetes_skin_thumbnail_0,Diabetes Skin (Thumbnail),Classification,0,DEEPCNN,0.25,0.1666666666666666,0.25,0.2,0.25,-0.5,-0.5773502691896258,False
0,diabetes_skin_thumbnail_0,Diabetes Skin (Thumbnail),Classification,0,DUMMY,0.5,0.25,0.5,0.3333333333333333,0.5,0.0,0.0,False
0,diabetes_skin_thumbnail_0,Diabetes Skin (Thumbnail),Classification,0,FASTAI,0.25,0.1666666666666666,0.25,0.2,0.25,-0.5,-0.5773502691896258,False
0,diabetes_skin_thumbnail_0,Diabetes Skin (Thumbnail),Classification,0,FCRESNEXT,0.0,0.0,0.0,0.0,0.0,-1.0,-1.0,False
0,diabetes_skin_thumbnail_0,Diabetes Skin (Thumbnail),Classification,0,GBM,0.5,0.25,0.5,0.3333333333333333,0.5,0.0,0.0,False
0,diabetes_skin_thumbnail_0,Diabetes Skin (Thumbnail),Classification,0,KNN,0.25,0.1666666666666666,0.25,0.2,0.25,-0.5,-0.5773502691896258,False
0,diabetes_skin_thumbnail_0,Diabetes Skin (Thumbnail),Classification,0,LR,0.25,0.1666666666666666,0.25,0.2,0.25,-0.5,-0.5773502691896258,False
0,diabetes_skin_thumbnail_0,Diabetes Skin (Thumbnail),Classification,0,MITRA,0.25,0.1666666666666666,0.25,0.2,0.25,-0.5,-0.5773502691896258,False
0,diabetes_skin_thumbnail_0,Diabetes Skin (Thumbnail),Classification,0,NN_TORCH,0.5,0.5,0.5,0.5,0.5,0.0,0.0,False
0,diabetes_skin_thumbnail_0,Diabetes Skin (Thumbnail),Classification,0,PLS,0.5,0.5,0.5,0.5,0.5,0.0,0.0,False
0,diabetes_skin_thumbnail_0,Diabetes Skin (Thumbnail),Classification,0,RAMANFORMER,0.25,0.1666666666666666,0.25,0.2,0.25,-0.5,-0.5773502691896258,False
0,diabetes_skin_thumbnail_0,Diabetes Skin (Thumbnail),Classification,0,RAMANNET,0.25,0.1666666666666666,0.25,0.2,0.25,-0.5,-0.5773502691896258,False
0,diabetes_skin_thumbnail_0,Diabetes Skin (Thumbnail),Classification,0,RAMANTRANSFORMER,0.5,0.25,0.5,0.3333333333333333,0.5,0.0,0.0,False
0,diabetes_skin_thumbnail_0,Diabetes Skin (Thumbnail),Classification,0,REALMLP,0.5,0.5,0.5,0.5,0.5,0.0,0.0,False
0,diabetes_skin_thumbnail_0,Diabetes Skin (Thumbnail),Classification,0,REALTABPFN-V2,0.5,0.5,0.5,0.5,0.5,0.0,0.0,False
0,diabetes_skin_thumbnail_0,Diabetes Skin (Thumbnail),Classification,0,REALTABPFN-V2.5,0.5,0.25,0.5,0.3333333333333333,0.5,0.0,0.0,False
0,diabetes_skin_thumbnail_0,Diabetes Skin (Thumbnail),Classification,0,REZERONET,0.25,0.1666666666666666,0.25,0.2,0.25,-0.5,-0.5773502691896258,False
0,diabetes_skin_thumbnail_0,Diabetes Skin (Thumbnail),Classification,0,RF,0.5,0.5,0.5,0.5,0.5,0.0,0.0,False
0,diabetes_skin_thumbnail_0,Diabetes Skin (Thumbnail),Classification,0,ROCKET,0.5,0.5,0.5,0.5,0.5,0.0,0.0,False
0,diabetes_skin_thumbnail_0,Diabetes Skin (Thumbnail),Classification,0,SANET,0.5,0.25,0.5,0.3333333333333333,0.5,0.0,0.0,False
0,diabetes_skin_thumbnail_0,Diabetes Skin (Thumbnail),Classification,0,TABDPT,0.5,0.5,0.5,0.5,0.5,0.0,0.0,False
0,diabetes_skin_thumbnail_0,Diabetes Skin (Thumbnail),Classification,0,TABICL,0.25,0.1666666666666666,0.25,0.2,0.25,-0.5,-0.5773502691896258,False
0,diabetes_skin_thumbnail_0,Diabetes Skin (Thumbnail),Classification,0,TABM,0.25,0.1666666666666666,0.25,0.2,0.25,-0.5,-0.5773502691896258,False
0,diabetes_skin_thumbnail_0,Diabetes Skin (Thumbnail),Classification,0,XGB,0.25,0.1666666666666666,0.25,0.2,0.25,-0.5,-0.5773502691896258,False
0,diabetes_skin_thumbnail_0,Diabetes Skin (Thumbnail),Classification,0,XT,0.25,0.1666666666666666,0.25,0.2,0.25,-0.5,-0.5773502691896258,False
0,diabetes_skin_vein_0,Diabetes Skin (Vein),Classification,0,ARSENAL,0.25,0.1666666666666666,0.25,0.2,0.25,-0.5,-0.5773502691896258,False
0,diabetes_skin_vein_0,Diabetes Skin (Vein),Classification,0,AUTOGLUON,0.25,0.1666666666666666,0.25,0.2,0.25,-0.5,-0.5773502691896258,False
0,diabetes_skin_vein_0,Diabetes Skin (Vein),Classification,0,CAT,0.0,0.0,0.0,0.0,0.0,-1.0,-1.0,False
0,diabetes_skin_vein_0,Diabetes Skin (Vein),Classification,0,COATNET,0.25,0.1666666666666666,0.25,0.2,0.25,-0.5,-0.5773502691896258,False
0,diabetes_skin_vein_0,Diabetes Skin (Vein),Classification,0,DEEPCNN,0.25,0.1666666666666666,0.25,0.2,0.25,-0.5,-0.5773502691896258,False
0,diabetes_skin_vein_0,Diabetes Skin (Vein),Classification,0,DUMMY,0.5,0.25,0.5,0.3333333333333333,0.5,0.0,0.0,False
0,diabetes_skin_vein_0,Diabetes Skin (Vein),Classification,0,FASTAI,0.25,0.1666666666666666,0.25,0.2,0.25,-0.5,-0.5773502691896258,False
0,diabetes_skin_vein_0,Diabetes Skin (Vein),Classification,0,FCRESNEXT,0.5,0.25,0.5,0.3333333333333333,0.5,0.0,0.0,False
0,diabetes_skin_vein_0,Diabetes Skin (Vein),Classification,0,GBM,0.5,0.25,0.5,0.3333333333333333,0.5,0.0,0.0,False
0,diabetes_skin_vein_0,Diabetes Skin (Vein),Classification,0,KNN,0.5,0.25,0.5,0.3333333333333333,0.5,0.0,0.0,False
0,diabetes_skin_vein_0,Diabetes Skin (Vein),Classification,0,LR,0.25,0.1666666666666666,0.25,0.2,0.25,-0.5,-0.5773502691896258,False
0,diabetes_skin_vein_0,Diabetes Skin (Vein),Classification,0,MITRA,0.5,0.25,0.5,0.3333333333333333,0.5,0.0,0.0,False
0,diabetes_skin_vein_0,Diabetes Skin (Vein),Classification,0,NN_TORCH,0.5,0.25,0.5,0.3333333333333333,0.5,0.0,0.0,False
0,diabetes_skin_vein_0,Diabetes Skin (Vein),Classification,0,PLS,0.25,0.1666666666666666,0.25,0.2,0.25,-0.5,-0.5773502691896258,False
0,diabetes_skin_vein_0,Diabetes Skin (Vein),Classification,0,RAMANFORMER,0.5,0.5,0.5,0.5,0.5,0.0,0.0,False
0,diabetes_skin_vein_0,Diabetes Skin (Vein),Classification,0,RAMANNET,0.5,0.5,0.5,0.5,0.5,0.0,0.0,False
0,diabetes_skin_vein_0,Diabetes Skin (Vein),Classification,0,RAMANTRANSFORMER,0.5,0.25,0.5,0.3333333333333333,0.5,0.0,0.0,False
0,diabetes_skin_vein_0,Diabetes Skin (Vein),Classification,0,REALMLP,0.25,0.1666666666666666,0.25,0.2,0.25,-0.5,-0.5773502691896258,False
0,diabetes_skin_vein_0,Diabetes Skin (Vein),Classification,0,REALTABPFN-V2,0.5,0.25,0.5,0.3333333333333333,0.5,0.0,0.0,False
0,diabetes_skin_vein_0,Diabetes Skin (Vein),Classification,0,REALTABPFN-V2.5,0.25,0.1666666666666666,0.25,0.2,0.25,-0.5,-0.5773502691896258,False
0,diabetes_skin_vein_0,Diabetes Skin (Vein),Classification,0,REZERONET,0.5,0.25,0.5,0.3333333333333333,0.5,0.0,0.0,False
0,diabetes_skin_vein_0,Diabetes Skin (Vein),Classification,0,RF,0.25,0.1666666666666666,0.25,0.2,0.25,-0.5,-0.5773502691896258,False
0,diabetes_skin_vein_0,Diabetes Skin (Vein),Classification,0,ROCKET,0.5,0.5,0.5,0.5,0.5,0.0,0.0,False
0,diabetes_skin_vein_0,Diabetes Skin (Vein),Classification,0,SANET,0.5,0.25,0.5,0.3333333333333333,0.5,0.0,0.0,False
0,diabetes_skin_vein_0,Diabetes Skin (Vein),Classification,0,TABDPT,0.25,0.1666666666666666,0.25,0.2,0.25,-0.5,-0.5773502691896258,False
0,diabetes_skin_vein_0,Diabetes Skin (Vein),Classification,0,TABICL,0.5,0.25,0.5,0.3333333333333333,0.5,0.0,0.0,False
0,diabetes_skin_vein_0,Diabetes Skin (Vein),Classification,0,TABM,0.5,0.25,0.5,0.3333333333333333,0.5,0.0,0.0,False
0,diabetes_skin_vein_0,Diabetes Skin (Vein),Classification,0,XGB,0.25,0.1666666666666666,0.25,0.2,0.25,-0.5,-0.5773502691896258,False
0,diabetes_skin_vein_0,Diabetes Skin (Vein),Classification,0,XT,0.5,0.25,0.5,0.3333333333333333,0.5,0.0,0.0,False
0,hair_dyes_sers_0,Hair Dyes SERS,Classification,0,ARSENAL,1.0,1.0,1.0,1.0,1.0,1.0,1.0,False
0,hair_dyes_sers_0,Hair Dyes SERS,Classification,0,AUTOGLUON,1.0,1.0,1.0,1.0,1.0,1.0,1.0,False
0,hair_dyes_sers_0,Hair Dyes SERS,Classification,0,CAT,0.9650145772594751,0.9664404580876036,0.9650145772594751,0.9652664731733313,0.964330931047916,0.9485397079415884,0.9489549606420192,False
0,hair_dyes_sers_0,Hair Dyes SERS,Classification,0,COATNET,0.9970845481049564,0.9971128534631604,0.9970845481049564,0.9970794091653584,0.9958333333333332,0.9957072413706792,0.9957198473241338,False
0,hair_dyes_sers_0,Hair Dyes SERS,Classification,0,DEEPCNN,1.0,1.0,1.0,1.0,1.0,1.0,1.0,False
0,hair_dyes_sers_0,Hair Dyes SERS,Classification,0,DUMMY,0.4402332361516035,0.1938053022125135,0.4402332361516035,0.269130439914543,0.25,0.0,0.0,False
0,hair_dyes_sers_0,Hair Dyes SERS,Classification,0,FASTAI,0.9854227405247812,0.9856977128878864,0.9854227405247812,0.9853770806023896,0.9767757434099468,0.9784804567413264,0.9785960987596006,False
0,hair_dyes_sers_0,Hair Dyes SERS,Classification,0,FCRESNEXT,0.9941690962099126,0.9942453171744888,0.9941690962099126,0.9941594109541382,0.9950980392156864,0.9914084612879792,0.9914589388695588,False
0,hair_dyes_sers_0,Hair Dyes SERS,Classification,0,GBM,0.9533527696793004,0.9550208681817494,0.9533527696793004,0.9536956224717624,0.9536066744578626,0.9314120028994926,0.9318429841602028,False
0,hair_dyes_sers_0,Hair Dyes SERS,Classification,0,KNN,1.0,1.0,1.0,1.0,1.0,1.0,1.0,False
0,hair_dyes_sers_0,Hair Dyes SERS,Classification,0,LR,1.0,1.0,1.0,1.0,1.0,1.0,1.0,False
0,hair_dyes_sers_0,Hair Dyes SERS,Classification,0,MITRA,1.0,1.0,1.0,1.0,1.0,1.0,1.0,False
0,hair_dyes_sers_0,Hair Dyes SERS,Classification,0,NN_TORCH,1.0,1.0,1.0,1.0,1.0,1.0,1.0,False
0,hair_dyes_sers_0,Hair Dyes SERS,Classification,0,PLS,0.956268221574344,0.9618748598340434,0.956268221574344,0.956623068709677,0.9751655629139072,0.93622875841297,0.938865906562479,False
0,hair_dyes_sers_0,Hair Dyes SERS,Classification,0,RAMANFORMER,0.6064139941690962,0.5833138313732952,0.6064139941690962,0.5870402450306472,0.5033729385794052,0.4220688450113576,0.4295380554818955,False
0,hair_dyes_sers_0,Hair Dyes SERS,Classification,0,RAMANNET,1.0,1.0,1.0,1.0,1.0,1.0,1.0,False
0,hair_dyes_sers_0,Hair Dyes SERS,Classification,0,RAMANTRANSFORMER,0.1749271137026239,0.0305994951083307,0.1749271137026239,0.0520874780255952,0.25,0.0,0.0,False
0,hair_dyes_sers_0,Hair Dyes SERS,Classification,0,REALMLP,1.0,1.0,1.0,1.0,1.0,1.0,1.0,False
0,hair_dyes_sers_0,Hair Dyes SERS,Classification,0,REALTABPFN-V2,1.0,1.0,1.0,1.0,1.0,1.0,1.0,False
0,hair_dyes_sers_0,Hair Dyes SERS,Classification,0,REALTABPFN-V2.5,1.0,1.0,1.0,1.0,1.0,1.0,1.0,False
0,hair_dyes_sers_0,Hair Dyes SERS,Classification,0,REZERONET,1.0,1.0,1.0,1.0,1.0,1.0,1.0,False
0,hair_dyes_sers_0,Hair Dyes SERS,Classification,0,RF,0.9620991253644317,0.9645811992750768,0.9620991253644317,0.9624958675061392,0.9534865601869889,0.9441080986224444,0.9447630171686112,False
0,hair_dyes_sers_0,Hair Dyes SERS,Classification,0,ROCKET,1.0,1.0,1.0,1.0,1.0,1.0,1.0,False
0,hair_dyes_sers_0,Hair Dyes SERS,Classification,0,SANET,0.9970845481049564,0.9971128534631604,0.9970845481049564,0.9970669517437872,0.9916666666666668,0.9957056290064102,0.995718511314737,False
0,hair_dyes_sers_0,Hair Dyes SERS,Classification,0,TABDPT,1.0,1.0,1.0,1.0,1.0,1.0,1.0,False
0,hair_dyes_sers_0,Hair Dyes SERS,Classification,0,TABICL,1.0,1.0,1.0,1.0,1.0,1.0,1.0,False
0,hair_dyes_sers_0,Hair Dyes SERS,Classification,0,TABM,0.9737609329446064,0.9737966707420296,0.9737609329446064,0.9737509294878564,0.9794068952084144,0.9614438268906512,0.961456915242823,False
0,hair_dyes_sers_0,Hair Dyes SERS,Classification,0,XGB,0.956268221574344,0.9579788138185972,0.956268221574344,0.9566622243585892,0.9602843786521232,0.935747736497034,0.936192643198592,False
0,hair_dyes_sers_0,Hair Dyes SERS,Classification,0,XT,0.9708454810495628,0.9720629702823924,0.9708454810495628,0.9710537178766592,0.963475522659395,0.957025083318716,0.9573147295597296,False
0,head_neck_cancer_0,Head & Neck Cancer,Classification,0,ARSENAL,0.5652173913043478,0.540133779264214,0.5652173913043478,0.4968944099378881,0.4553571428571428,0.3628808864265928,0.3898809523809524,False
0,head_neck_cancer_0,Head & Neck Cancer,Classification,0,AUTOGLUON,0.6086956521739131,0.5942028985507246,0.6086956521739131,0.5995615637559372,0.5535714285714286,0.4552631578947368,0.4565041078080599,False
0,head_neck_cancer_0,Head & Neck Cancer,Classification,0,CAT,0.4782608695652174,0.3429951690821256,0.4782608695652174,0.3989130434782609,0.3660714285714286,0.2375690607734807,0.25253952983253,False
0,head_neck_cancer_0,Head & Neck Cancer,Classification,0,COATNET,0.4347826086956521,0.3855072463768116,0.4347826086956521,0.3956521739130434,0.3258928571428571,0.2005347593582888,0.2126293179499286,False
0,head_neck_cancer_0,Head & Neck Cancer,Classification,0,DEEPCNN,0.4782608695652174,0.444532279314888,0.4782608695652174,0.4509098834041625,0.4151785714285714,0.2698412698412696,0.2751015556513407,False
0,head_neck_cancer_0,Head & Neck Cancer,Classification,0,DUMMY,0.3478260869565217,0.1209829867674858,0.3478260869565217,0.1795231416549789,0.25,0.0,0.0,False
0,head_neck_cancer_0,Head & Neck Cancer,Classification,0,FASTAI,0.391304347826087,0.3784679089026915,0.391304347826087,0.3785941253971944,0.3214285714285714,0.1658031088082902,0.1697905439912035,False
0,head_neck_cancer_0,Head & Neck Cancer,Classification,0,FCRESNEXT,0.4782608695652174,0.5357142857142857,0.4782608695652174,0.4819499341238471,0.4821428571428571,0.3047858942065491,0.3151041666666667,False
0,head_neck_cancer_0,Head & Neck Cancer,Classification,0,GBM,0.4782608695652174,0.3972332015810277,0.4782608695652174,0.4200655090411451,0.3973214285714286,0.2396694214876032,0.254634267523773,False
0,head_neck_cancer_0,Head & Neck Cancer,Classification,0,KNN,0.391304347826087,0.3246376811594203,0.391304347826087,0.344927536231884,0.2901785714285714,0.1390374331550802,0.1451992917728503,False
0,head_neck_cancer_0,Head & Neck Cancer,Classification,0,LR,0.5652173913043478,0.5981047937569677,0.5652173913043478,0.524733237776716,0.4821428571428571,0.3732970027247956,0.3945391739313782,False
0,head_neck_cancer_0,Head & Neck Cancer,Classification,0,MITRA,0.4347826086956521,0.3536231884057971,0.4347826086956521,0.3887468030690537,0.3303571428571428,0.1940700808625336,0.1992633492465214,False
0,head_neck_cancer_0,Head & Neck Cancer,Classification,0,NN_TORCH,0.5217391304347826,0.4710144927536231,0.5217391304347826,0.4895871392035074,0.4285714285714286,0.3253333333333332,0.331835531665549,False
0,head_neck_cancer_0,Head & Neck Cancer,Classification,0,PLS,0.6956521739130435,0.7167325428194993,0.6956521739130435,0.6487032799389779,0.5892857142857143,0.5601092896174864,0.5829889363414029,False
0,head_neck_cancer_0,Head & Neck Cancer,Classification,0,RAMANFORMER,0.391304347826087,0.3038537549407114,0.391304347826087,0.3414187643020595,0.2946428571428571,0.1273712737127371,0.1312378214100762,False
0,head_neck_cancer_0,Head & Neck Cancer,Classification,0,RAMANNET,0.4347826086956521,0.4666666666666666,0.4347826086956521,0.4451345755693581,0.4196428571428571,0.2372448979591837,0.2390943015326394,False
0,head_neck_cancer_0,Head & Neck Cancer,Classification,0,RAMANTRANSFORMER,0.3043478260869565,0.0926275992438563,0.3043478260869565,0.1420289855072463,0.25,0.0,0.0,False
0,head_neck_cancer_0,Head & Neck Cancer,Classification,0,REALMLP,0.3478260869565217,0.3476708074534161,0.3478260869565217,0.3458937198067633,0.2946428571428571,0.1038961038961039,0.1044389982860892,False
0,head_neck_cancer_0,Head & Neck Cancer,Classification,0,REALTABPFN-V2,0.5217391304347826,0.4314888010540184,0.5217391304347826,0.4683011877519887,0.4241071428571428,0.3143631436314363,0.3239061124163584,False
0,head_neck_cancer_0,Head & Neck Cancer,Classification,0,REALTABPFN-V2.5,0.5217391304347826,0.5144927536231884,0.5217391304347826,0.5092924126172208,0.4553571428571428,0.3289124668435013,0.3316693816959575,False
0,head_neck_cancer_0,Head & Neck Cancer,Classification,0,REZERONET,0.5217391304347826,0.4314888010540184,0.5217391304347826,0.4683011877519887,0.4241071428571428,0.3143631436314363,0.3239061124163584,False
0,head_neck_cancer_0,Head & Neck Cancer,Classification,0,RF,0.391304347826087,0.3932367149758454,0.391304347826087,0.388178459789713,0.3526785714285714,0.1658031088082902,0.1671023972577427,False
0,head_neck_cancer_0,Head & Neck Cancer,Classification,0,ROCKET,0.6086956521739131,0.6057971014492753,0.6086956521739131,0.600679513722992,0.5491071428571428,0.453825857519789,0.4575503852828274,False
0,head_neck_cancer_0,Head & Neck Cancer,Classification,0,SANET,0.1739130434782608,0.0302457466918714,0.1739130434782608,0.0515297906602254,0.25,0.0,0.0,False
0,head_neck_cancer_0,Head & Neck Cancer,Classification,0,TABDPT,0.6521739130434783,0.7014163372859025,0.6521739130434783,0.6281355562820093,0.5848214285714286,0.5013550135501355,0.5165744034226406,False
0,head_neck_cancer_0,Head & Neck Cancer,Classification,0,TABICL,0.4782608695652174,0.4695652173913043,0.4782608695652174,0.4637681159420289,0.4196428571428571,0.2659574468085105,0.2689571768199595,False
0,head_neck_cancer_0,Head & Neck Cancer,Classification,0,TABM,0.5217391304347826,0.3735177865612648,0.5217391304347826,0.435321039170817,0.3973214285714286,0.303030303030303,0.3219513727312073,False
0,head_neck_cancer_0,Head & Neck Cancer,Classification,0,XGB,0.5217391304347826,0.5869565217391305,0.5217391304347826,0.5076179858788554,0.5133928571428572,0.3324538258575198,0.3407845788962334,False
0,head_neck_cancer_0,Head & Neck Cancer,Classification,0,XT,0.4782608695652174,0.4391304347826086,0.4782608695652174,0.454477889260498,0.3883928571428571,0.2717678100263853,0.2739981958379722,False
0,microplastics_weathered_0,Weathered Microplastics,Classification,0,ARSENAL,0.9375,0.9444444444444444,0.9375,0.9358660130718954,0.9333333333333332,0.896774193548387,0.902902025421667,False
0,microplastics_weathered_0,Weathered Microplastics,Classification,0,AUTOGLUON,1.0,1.0,1.0,1.0,1.0,1.0,1.0,False
0,microplastics_weathered_0,Weathered Microplastics,Classification,0,CAT,0.6875,0.725,0.6875,0.6701388888888888,0.6027777777777777,0.4594594594594594,0.4744699292150227,False
0,microplastics_weathered_0,Weathered Microplastics,Classification,0,COATNET,0.8125,0.8125,0.8125,0.8065476190476191,0.8250000000000001,0.7,0.7044164475972786,False
0,microplastics_weathered_0,Weathered Microplastics,Classification,0,DEEPCNN,1.0,1.0,1.0,1.0,1.0,1.0,1.0,False
0,microplastics_weathered_0,Weathered Microplastics,Classification,0,DUMMY,0.5,0.25,0.5,0.3333333333333333,0.3333333333333333,0.0,0.0,False
0,microplastics_weathered_0,Weathered Microplastics,Classification,0,FASTAI,0.6875,0.7008928571428572,0.6875,0.6833333333333333,0.6277777777777778,0.4968553459119497,0.5064518797413102,False
0,microplastics_weathered_0,Weathered Microplastics,Classification,0,FCRESNEXT,0.8125,0.8402777777777777,0.8125,0.7916109625668449,0.7111111111111111,0.6821192052980132,0.6975400337597023,False
0,microplastics_weathered_0,Weathered Microplastics,Classification,0,GBM,0.5,0.25,0.5,0.3333333333333333,0.3333333333333333,0.0,0.0,False
0,microplastics_weathered_0,Weathered Microplastics,Classification,0,KNN,0.9375,0.9444444444444444,0.9375,0.9358660130718954,0.9333333333333332,0.896774193548387,0.902902025421667,False
0,microplastics_weathered_0,Weathered Microplastics,Classification,0,LR,1.0,1.0,1.0,1.0,1.0,1.0,1.0,False
0,microplastics_weathered_0,Weathered Microplastics,Classification,0,MITRA,0.875,0.8975694444444444,0.875,0.8656775210084033,0.8666666666666667,0.7961783439490446,0.8119622530770386,False
0,microplastics_weathered_0,Weathered Microplastics,Classification,0,NN_TORCH,0.6875,0.6701388888888888,0.6875,0.6756535947712419,0.6472222222222221,0.4838709677419355,0.4871773518462232,False
0,microplastics_weathered_0,Weathered Microplastics,Classification,0,PLS,1.0,1.0,1.0,1.0,1.0,1.0,1.0,False
0,microplastics_weathered_0,Weathered Microplastics,Classification,0,RAMANFORMER,0.5,0.2666666666666666,0.5,0.3478260869565217,0.3333333333333333,0.0229007633587786,0.0435744670330595,False
0,microplastics_weathered_0,Weathered Microplastics,Classification,0,RAMANNET,0.875,0.9,0.875,0.8722222222222222,0.8222222222222223,0.7866666666666666,0.8049779969521318,False
0,microplastics_weathered_0,Weathered Microplastics,Classification,0,RAMANTRANSFORMER,0.5,0.25,0.5,0.3333333333333333,0.3333333333333333,0.0,0.0,False
0,microplastics_weathered_0,Weathered Microplastics,Classification,0,REALMLP,0.75,0.8035714285714286,0.75,0.7395833333333333,0.6694444444444444,0.5844155844155844,0.6008551581036727,False
0,microplastics_weathered_0,Weathered Microplastics,Classification,0,REALTABPFN-V2,0.875,0.8819444444444444,0.875,0.8705882352941177,0.8222222222222223,0.7908496732026143,0.7966735506562534,False
0,microplastics_weathered_0,Weathered Microplastics,Classification,0,REALTABPFN-V2.5,0.9375,0.9444444444444444,0.9375,0.9358660130718954,0.9333333333333332,0.896774193548387,0.902902025421667,False
0,microplastics_weathered_0,Weathered Microplastics,Classification,0,REZERONET,1.0,1.0,1.0,1.0,1.0,1.0,1.0,False
0,microplastics_weathered_0,Weathered Microplastics,Classification,0,RF,0.6875,0.7326388888888888,0.6875,0.6759692513368983,0.6027777777777777,0.4701986754966887,0.4808285669605715,False
0,microplastics_weathered_0,Weathered Microplastics,Classification,0,ROCKET,0.6875,0.65,0.6875,0.6583333333333332,0.5777777777777778,0.4666666666666667,0.4775293202258409,False
0,microplastics_weathered_0,Weathered Microplastics,Classification,0,SANET,0.5,0.25,0.5,0.3333333333333333,0.3333333333333333,0.0,0.0,False
0,microplastics_weathered_0,Weathered Microplastics,Classification,0,TABDPT,1.0,1.0,1.0,1.0,1.0,1.0,1.0,False
0,microplastics_weathered_0,Weathered Microplastics,Classification,0,TABICL,0.8125,0.821875,0.8125,0.8027777777777778,0.7555555555555555,0.6799999999999999,0.6958284380433681,False
0,microplastics_weathered_0,Weathered Microplastics,Classification,0,TABM,0.6875,0.7326388888888888,0.6875,0.6759692513368983,0.6027777777777777,0.4701986754966887,0.4808285669605715,False
0,microplastics_weathered_0,Weathered Microplastics,Classification,0,XGB,0.5,0.4226190476190475,0.5,0.4571078431372549,0.3833333333333333,0.1409395973154362,0.1488351394468968,False
0,microplastics_weathered_0,Weathered Microplastics,Classification,0,XT,0.6875,0.725,0.6875,0.6701388888888888,0.6027777777777777,0.4594594594594594,0.4744699292150227,False
0,mlrod_0,ML Raman Open Dataset (MLROD),Classification,0,ARSENAL,0.9843924191750278,0.984953847783601,0.9843924191750278,0.9845553662903126,0.9846246328594824,0.9831151916470268,0.9831280009206592,False
0,mlrod_0,ML Raman Open Dataset (MLROD),Classification,0,AUTOGLUON,0.9712067043401376,0.9718100298221148,0.9712067043401376,0.971425696955558,0.9697572231055004,0.9688498480247282,0.9688627529733604,False
0,mlrod_0,ML Raman Open Dataset (MLROD),Classification,0,CAT,0.9688617229846616,0.9720055570371962,0.9688617229846616,0.9699217844522868,0.9677892975457948,0.9663265056471356,0.9663949664976323,False
0,mlrod_0,ML Raman Open Dataset (MLROD),Classification,0,COATNET,0.970360973359474,0.9769431302843448,0.970360973359474,0.9721453215725508,0.975696049289189,0.9679700108295288,0.9682160489525066,False
0,mlrod_0,ML Raman Open Dataset (MLROD),Classification,0,DEEPCNN,0.9589436051205168,0.9664206746855698,0.9589436051205168,0.9596257363633732,0.9696322188381375,0.9556557094652108,0.9561597817602172,False
0,mlrod_0,ML Raman Open Dataset (MLROD),Classification,0,DUMMY,0.1380463614346672,0.0190567979053507,0.1380463614346672,0.0334903718356904,0.0625,0.0,0.0,False
0,mlrod_0,ML Raman Open Dataset (MLROD),Classification,0,FASTAI,0.947949102371891,0.9612714410547724,0.947949102371891,0.9514481742165832,0.9584184971067118,0.9438047437877558,0.9444196598030116,False
0,mlrod_0,ML Raman Open Dataset (MLROD),Classification,0,FCRESNEXT,0.9692845884749932,0.969336382443956,0.9692845884749932,0.9691295177773204,0.9673495083978684,0.9667687870029518,0.966799309167638,False
0,mlrod_0,ML Raman Open Dataset (MLROD),Classification,0,GBM,0.9784723023103832,0.979900712618349,0.9784723023103832,0.9789802630259667,0.9772649214591356,0.976714954923652,0.9767386906658204,False
0,mlrod_0,ML Raman Open Dataset (MLROD),Classification,0,KNN,0.9076999961557682,0.9100789853666664,0.9076999961557682,0.9063212789191932,0.9062405678267398,0.9001680660728153,0.9005977131459711,False
0,mlrod_0,ML Raman Open Dataset (MLROD),Classification,0,LR,0.9657863376004304,0.965267133805416,0.9657863376004304,0.965432127023775,0.9648352195817826,0.9629813375546222,0.9629918602135956,False
0,mlrod_0,ML Raman Open Dataset (MLROD),Classification,0,MITRA,0.9650174912543728,0.966309726137198,0.9650174912543728,0.965452500804308,0.9616398568439531,0.9621579972065072,0.9621855548688084,False
0,mlrod_0,ML Raman Open Dataset (MLROD),Classification,0,NN_TORCH,0.9728597239841618,0.9743016348628716,0.9728597239841618,0.9730612902205684,0.9711375486568864,0.9706354790260788,0.970728845573092,False
0,mlrod_0,ML Raman Open Dataset (MLROD),Classification,0,PLS,0.7286741244762234,0.6300528025291434,0.7286741244762234,0.653888192974,0.6268565240938107,0.703274452260713,0.7096027352651266,False
0,mlrod_0,ML Raman Open Dataset (MLROD),Classification,0,RAMANFORMER,0.0404028754853342,0.0016323923474834,0.0404028754853342,0.0031380004533761,0.0625,0.0,0.0,False
0,mlrod_0,ML Raman Open Dataset (MLROD),Classification,0,RAMANNET,0.9588667204859108,0.974150453123008,0.9588667204859108,0.9635273261901456,0.9679894701070428,0.9555915696386764,0.9562284601194369,False
0,mlrod_0,ML Raman Open Dataset (MLROD),Classification,0,RAMANTRANSFORMER,0.5443816553261831,0.6146223508881928,0.5443816553261831,0.5361473149163858,0.5141607785161355,0.502780623996632,0.5254165534558037,False
0,mlrod_0,ML Raman Open Dataset (MLROD),Classification,0,REALMLP,0.9144274016837736,0.9283651709352868,0.9144274016837736,0.9174430732426564,0.9083998566796544,0.907556177885879,0.9080797857988966,False
0,mlrod_0,ML Raman Open Dataset (MLROD),Classification,0,REALTABPFN-V2,0.9757813400991812,0.9761780305193808,0.9757813400991812,0.9758485817207604,0.9736949002446212,0.9738002708289664,0.9738163491831492,False
0,mlrod_0,ML Raman Open Dataset (MLROD),Classification,0,REALTABPFN-V2.5,0.9879291123668936,0.9880329489633244,0.9879291123668936,0.9879646449325352,0.9863690817629448,0.9869396413268812,0.9869415471538944,False
0,mlrod_0,ML Raman Open Dataset (MLROD),Classification,0,REZERONET,0.9848537269826624,0.9858267160488668,0.9848537269826624,0.9850674742852912,0.9854633507436136,0.9836132840940632,0.9836529911012574,False
0,mlrod_0,ML Raman Open Dataset (MLROD),Classification,0,RF,0.9842770922231192,0.9850433358113142,0.9842770922231192,0.9845354948230812,0.9833818567906843,0.9829918222900932,0.9830054260097312,False
0,mlrod_0,ML Raman Open Dataset (MLROD),Classification,0,ROCKET,0.989428362741706,0.989694206591322,0.989428362741706,0.9895132308507428,0.9887913275884304,0.988562893056497,0.9885680441593666,False
0,mlrod_0,ML Raman Open Dataset (MLROD),Classification,0,SANET,0.9780878791373544,0.9801056705703136,0.9780878791373544,0.9786350736208016,0.977685074156051,0.9762970235916328,0.976355456113907,False
0,mlrod_0,ML Raman Open Dataset (MLROD),Classification,0,TABDPT,0.980317533540922,0.981220903861851,0.980317533540922,0.9805956357763016,0.980191433384599,0.9787084772570498,0.978732382625429,False
0,mlrod_0,ML Raman Open Dataset (MLROD),Classification,0,TABICL,0.9901972090877638,0.9902785829866186,0.9901972090877638,0.9902280015433372,0.9891837273306348,0.9893946494699036,0.9893957838657408,False
0,mlrod_0,ML Raman Open Dataset (MLROD),Classification,0,TABM,0.9866989582132012,0.9870892861520992,0.9866989582132012,0.9868392822058756,0.98513338602612,0.985610103581073,0.9856164133147076,False
0,mlrod_0,ML Raman Open Dataset (MLROD),Classification,0,XGB,0.9827393995310038,0.9839902191088448,0.9827393995310038,0.9831538708998784,0.9821199247653036,0.9813301585762696,0.981353845849422,False
0,mlrod_0,ML Raman Open Dataset (MLROD),Classification,0,XT,0.982970053434821,0.9840500488938058,0.982970053434821,0.9833195567917876,0.9824394501719522,0.9815793306201804,0.9816005814886608,False
0,parkinson_0,Saliva Parkinson,Classification,0,ARSENAL,0.8918918918918919,0.8936015459352102,0.8918918918918919,0.8906110520792083,0.8785984848484849,0.7715167888846006,0.7754005256276857,False
0,parkinson_0,Saliva Parkinson,Classification,0,AUTOGLUON,0.9662162162162162,0.9667433750329474,0.9662162162162162,0.9662989727998206,0.9676136363636364,0.9302938960060286,0.9306557264405848,False
0,parkinson_0,Saliva Parkinson,Classification,0,CAT,0.7162162162162162,0.7125284775375741,0.7162162162162162,0.7116143170197223,0.69375,0.3969732246798603,0.4003296094971562,False
0,parkinson_0,Saliva Parkinson,Classification,0,COATNET,0.7972972972972973,0.8116866866866868,0.7972972972972973,0.787369001654716,0.7632575757575758,0.556,0.582084401337627,False
0,parkinson_0,Saliva Parkinson,Classification,0,DEEPCNN,0.8108108108108109,0.8472512760438458,0.8108108108108109,0.7968218903546479,0.7693181818181818,0.578519121236778,0.6286671196365613,False
0,parkinson_0,Saliva Parkinson,Classification,0,DUMMY,0.5945945945945946,0.3535427319211103,0.5945945945945946,0.4434264773247823,0.5,0.0,0.0,False
0,parkinson_0,Saliva Parkinson,Classification,0,FASTAI,0.706081081081081,0.7076920364591597,0.706081081081081,0.6900017539868468,0.6666666666666666,0.3534846354689697,0.3730424735950218,False
0,parkinson_0,Saliva Parkinson,Classification,0,FCRESNEXT,0.8108108108108109,0.8098843524375439,0.8108108108108109,0.8089506510559142,0.7958333333333334,0.6012317167051577,0.6034388363449532,False
0,parkinson_0,Saliva Parkinson,Classification,0,GBM,0.7331081081081081,0.7301340233277406,0.7331081081081081,0.7296659056877041,0.7132575757575758,0.4351690821256039,0.4376934902030955,False
0,parkinson_0,Saliva Parkinson,Classification,0,KNN,0.7702702702702703,0.7729817195836614,0.7702702702702703,0.7628818047666215,0.7418560606060607,0.5037475345167652,0.5162725833077371,False
0,parkinson_0,Saliva Parkinson,Classification,0,LR,0.8581081081081081,0.8577979998661773,0.8581081081081081,0.8579127482417611,0.8515151515151516,0.7048993543486517,0.7049689629925564,False
0,parkinson_0,Saliva Parkinson,Classification,0,MITRA,0.8885135135135135,0.8883774242834158,0.8885135135135135,0.8879257394087574,0.8797348484848485,0.7665838271840948,0.7675251945637028,False
0,parkinson_0,Saliva Parkinson,Classification,0,NN_TORCH,0.7263513513513513,0.7235600414229664,0.7263513513513513,0.723925195540916,0.7089015151515152,0.4239861618297136,0.4252893332711943,False
0,parkinson_0,Saliva Parkinson,Classification,0,PLS,0.8445945945945946,0.846278661924508,0.8445945945945946,0.8420745069393718,0.8268939393939394,0.6697710516103996,0.6754339257009693,False
0,parkinson_0,Saliva Parkinson,Classification,0,RAMANFORMER,0.5945945945945946,0.3535427319211103,0.5945945945945946,0.4434264773247823,0.5,0.0,0.0,False
0,parkinson_0,Saliva Parkinson,Classification,0,RAMANNET,0.7162162162162162,0.7623147340889276,0.7162162162162162,0.6795002549719531,0.6579545454545455,0.349246231155779,0.4207872979863194,False
0,parkinson_0,Saliva Parkinson,Classification,0,RAMANTRANSFORMER,0.5945945945945946,0.3535427319211103,0.5945945945945946,0.4434264773247823,0.5,0.0,0.0,False
0,parkinson_0,Saliva Parkinson,Classification,0,REALMLP,0.7635135135135135,0.7666792666792667,0.7635135135135135,0.755175848925849,0.7335227272727273,0.4877373417721519,0.5016872952787618,False
0,parkinson_0,Saliva Parkinson,Classification,0,REALTABPFN-V2,0.8851351351351351,0.8885155622572238,0.8851351351351351,0.8832724616508401,0.8689393939393939,0.7559177337989911,0.7623089729232261,False
0,parkinson_0,Saliva Parkinson,Classification,0,REALTABPFN-V2.5,0.9662162162162162,0.9667433750329474,0.9662162162162162,0.9662989727998206,0.9676136363636364,0.9302938960060286,0.9306557264405848,False
0,parkinson_0,Saliva Parkinson,Classification,0,REZERONET,0.8783783783783784,0.8796934968732386,0.8783783783783784,0.8769374335891092,0.8645833333333333,0.7429563874951757,0.7466963540936943,False
0,parkinson_0,Saliva Parkinson,Classification,0,RF,0.7128378378378378,0.7092772269520109,0.7128378378378378,0.7056636551424041,0.6856060606060606,0.3839373163565132,0.3903995194365358,False
0,parkinson_0,Saliva Parkinson,Classification,0,ROCKET,0.8851351351351351,0.8848733059259375,0.8851351351351351,0.884625063396013,0.8768939393939394,0.759831996945399,0.7605153546769415,False
0,parkinson_0,Saliva Parkinson,Classification,0,SANET,0.9222972972972971,0.923630052070419,0.9222972972972971,0.9216083888572972,0.912121212121212,0.8364405150874495,0.8390114135975691,False
0,parkinson_0,Saliva Parkinson,Classification,0,TABDPT,0.9391891891891893,0.9391891891891893,0.9391891891891893,0.9391891891891893,0.9369318181818184,0.8738636363636364,0.8738636363636364,False
0,parkinson_0,Saliva Parkinson,Classification,0,TABICL,0.9425675675675677,0.9441024213889144,0.9425675675675677,0.9427987395950784,0.9450757575757576,0.8819665978607618,0.8830101171145968,False
0,parkinson_0,Saliva Parkinson,Classification,0,TABM,0.7466216216216216,0.7494985084324878,0.7466216216216216,0.7476414982135806,0.7418560606060607,0.4792644023268906,0.4798314551299319,False
0,parkinson_0,Saliva Parkinson,Classification,0,XGB,0.7466216216216216,0.7449269193557646,0.7466216216216216,0.7409640054801346,0.7219696969696969,0.4579019339714788,0.4643636716185128,False
0,parkinson_0,Saliva Parkinson,Classification,0,XT,0.7263513513513513,0.7241336362582191,0.7263513513513513,0.7187548022213004,0.6982954545454545,0.4113140836770771,0.4194693359298711,False
0,pharmaceutical_ingredients_0,Pharmaceutical Ingredients,Classification,0,ARSENAL,0.99002849002849,0.9900625690099376,0.99002849002849,0.9900165979474268,0.9892857142857144,0.9897043078902212,0.9897063815074132,False
0,pharmaceutical_ingredients_0,Pharmaceutical Ingredients,Classification,0,AUTOGLUON,0.9985754985754984,0.9986433319766652,0.9985754985754984,0.9985746077053144,0.9984375,0.9985291899230652,0.9985312820190912,False
0,pharmaceutical_ingredients_0,Pharmaceutical Ingredients,Classification,0,CAT,0.9843304843304844,0.98574045921872,0.9843304843304844,0.9843129511631536,0.9830357142857142,0.983820817968488,0.9838661707664909,False
0,pharmaceutical_ingredients_0,Pharmaceutical Ingredients,Classification,0,COATNET,0.9928774928774928,0.9931807958123748,0.9928774928774928,0.9928690106686529,0.9924107142857144,0.9926459650232876,0.9926563639607412,False
0,pharmaceutical_ingredients_0,Pharmaceutical Ingredients,Classification,0,DEEPCNN,0.9843304843304844,0.9874384874384876,0.9843304843304844,0.9834384815409484,0.9828869047619048,0.9838207840696952,0.9839877961582968,False
0,pharmaceutical_ingredients_0,Pharmaceutical Ingredients,Classification,0,DUMMY,0.0413105413105413,0.0017065608233699,0.0413105413105413,0.0032777173680046,0.03125,0.0,0.0,False
0,pharmaceutical_ingredients_0,Pharmaceutical Ingredients,Classification,0,FASTAI,0.9729344729344728,0.983647910731244,0.9729344729344728,0.97403759031666,0.973866341991342,0.9720477564646636,0.9725412617085916,False
0,pharmaceutical_ingredients_0,Pharmaceutical Ingredients,Classification,0,FCRESNEXT,0.9472934472934472,0.9575872381045456,0.9472934472934472,0.945337517660815,0.9443756764069264,0.945576720397101,0.946014912799264,False
0,pharmaceutical_ingredients_0,Pharmaceutical Ingredients,Classification,0,GBM,0.9629629629629628,0.9657972674932804,0.9629629629629628,0.9628579788102664,0.9609828192640693,0.9617562938051984,0.961857078074944,False
0,pharmaceutical_ingredients_0,Pharmaceutical Ingredients,Classification,0,KNN,0.98005698005698,0.9805825982296572,0.98005698005698,0.9800097150158348,0.9789819376026272,0.9794088746325632,0.9794293951924772,False
0,pharmaceutical_ingredients_0,Pharmaceutical Ingredients,Classification,0,LR,1.0,1.0,1.0,1.0,1.0,1.0,1.0,False
0,pharmaceutical_ingredients_0,Pharmaceutical Ingredients,Classification,0,MITRA,0.9544159544159544,0.9597094137141932,0.9544159544159544,0.9547967262044524,0.9526032255787692,0.9529325983242296,0.9531023621437564,False
0,pharmaceutical_ingredients_0,Pharmaceutical Ingredients,Classification,0,NN_TORCH,0.9943019943019944,0.9945643460136212,0.9943019943019944,0.99429790493161,0.9939732142857144,0.9941167596922612,0.9941250911756168,False
0,pharmaceutical_ingredients_0,Pharmaceutical Ingredients,Classification,0,PLS,0.6438746438746439,0.531580970746573,0.6438746438746439,0.5456431064753491,0.6369318181818182,0.6322373797699126,0.6390796030811102,False
0,pharmaceutical_ingredients_0,Pharmaceutical Ingredients,Classification,0,RAMANFORMER,0.0313390313390313,0.0009821348852687,0.0313390313390313,0.0019045820150792,0.03125,0.0,0.0,False
0,pharmaceutical_ingredients_0,Pharmaceutical Ingredients,Classification,0,RAMANNET,0.97008547008547,0.9789944533905888,0.97008547008547,0.9708851182164012,0.9702651515151516,0.9691065156709724,0.9694845789395168,False
0,pharmaceutical_ingredients_0,Pharmaceutical Ingredients,Classification,0,RAMANTRANSFORMER,0.0313390313390313,0.0009821348852687,0.0313390313390313,0.0019045820150792,0.03125,0.0,0.0,False
0,pharmaceutical_ingredients_0,Pharmaceutical Ingredients,Classification,0,REALMLP,0.9843304843304844,0.9858518511145324,0.9843304843304844,0.9840782213426268,0.9845982142857144,0.9838209874603224,0.9838890174077808,False
0,pharmaceutical_ingredients_0,Pharmaceutical Ingredients,Classification,0,REALTABPFN-V2,0.9914529914529916,0.99249185999186,0.9914529914529916,0.9913417274389348,0.990625,0.9911750101093486,0.9912144706722604,False
0,pharmaceutical_ingredients_0,Pharmaceutical Ingredients,Classification,0,REALTABPFN-V2.5,1.0,1.0,1.0,1.0,1.0,1.0,1.0,False
0,pharmaceutical_ingredients_0,Pharmaceutical Ingredients,Classification,0,REZERONET,1.0,1.0,1.0,1.0,1.0,1.0,1.0,False
0,pharmaceutical_ingredients_0,Pharmaceutical Ingredients,Classification,0,RF,0.9814814814814816,0.9828536854986132,0.9814814814814816,0.9813000610099188,0.9800595238095238,0.9808791485082132,0.980934643174413,False
0,pharmaceutical_ingredients_0,Pharmaceutical Ingredients,Classification,0,ROCKET,0.9971509971509972,0.997283580616914,0.9971509971509972,0.997149298282274,0.9969494047619047,0.9970583798461308,0.9970625578880966,False
0,pharmaceutical_ingredients_0,Pharmaceutical Ingredients,Classification,0,SANET,0.9971509971509972,0.9971509971509972,0.9971509971509972,0.9971509971509972,0.9969494047619047,0.9970583798461308,0.9970583798461308,False
0,pharmaceutical_ingredients_0,Pharmaceutical Ingredients,Classification,0,TABDPT,0.9957264957264956,0.995920745920746,0.9957264957264956,0.99572228999051,0.9953869047619048,0.9955875512795264,0.9955938091783584,False
0,pharmaceutical_ingredients_0,Pharmaceutical Ingredients,Classification,0,TABICL,0.9985754985754984,0.9986402486402486,0.9985754985754984,0.9985737997067754,0.9984375,0.9985291868414602,0.998531278948438,False
0,pharmaceutical_ingredients_0,Pharmaceutical Ingredients,Classification,0,TABM,0.9943019943019944,0.9949009324009324,0.9943019943019944,0.9943495089777612,0.99375,0.9941167103862688,0.994133373875852,False
0,pharmaceutical_ingredients_0,Pharmaceutical Ingredients,Classification,0,XGB,0.9729344729344728,0.9747812103321208,0.9729344729344728,0.9728172523267796,0.9711985930735932,0.972053203258574,0.9721204266049556,False
0,pharmaceutical_ingredients_0,Pharmaceutical Ingredients,Classification,0,XT,0.98005698005698,0.981359016824457,0.98005698005698,0.9797588996983342,0.9785714285714286,0.979408098056676,0.9794676158839624,False
0,rruff_mineral_raw_0,RRUFF Minerals (Raw),Classification,0,ARSENAL,0.9527896995708156,0.96252299202943,0.9527896995708156,0.9512233831976322,0.9564345991561182,0.952064786414304,0.9522963841659828,False
0,rruff_mineral_raw_0,RRUFF Minerals (Raw),Classification,0,AUTOGLUON,0.96137339055794,0.9699468628653178,0.96137339055794,0.9588775792638456,0.9595991561181436,0.9607788127034004,0.9609765830119312,False
0,rruff_mineral_raw_0,RRUFF Minerals (Raw),Classification,0,CAT,0.7682403433476395,0.7861862029244003,0.7682403433476395,0.750584267525763,0.7201476793248945,0.7644084934277048,0.7656302031832958,False
0,rruff_mineral_raw_0,RRUFF Minerals (Raw),Classification,0,COATNET,0.0686695278969957,0.0305728803286891,0.0686695278969957,0.033701267909323,0.0521097046413502,0.0493729670784213,0.0540514341347051,False
0,rruff_mineral_raw_0,RRUFF Minerals (Raw),Classification,0,DEEPCNN,0.7339055793991416,0.8917024320457796,0.7339055793991416,0.7711783686032613,0.721308016877637,0.7290799294850157,0.7507593509797673,False
0,rruff_mineral_raw_0,RRUFF Minerals (Raw),Classification,0,DUMMY,0.0343347639484978,0.001178876015399,0.0343347639484978,0.0022794864032197,0.0126582278481012,0.0,0.0,False
0,rruff_mineral_raw_0,RRUFF Minerals (Raw),Classification,0,FASTAI,0.7510729613733905,0.7815486709705343,0.7510729613733905,0.7321621196274063,0.7537974683544303,0.747255419027848,0.7501938139526263,False
0,rruff_mineral_raw_0,RRUFF Minerals (Raw),Classification,0,FCRESNEXT,0.8326180257510729,0.846910814507381,0.8326180257510729,0.8152623723439175,0.8334388185654009,0.8299938261211203,0.8315673820647078,False
0,rruff_mineral_raw_0,RRUFF Minerals (Raw),Classification,0,GBM,0.5708154506437768,0.5912699414529761,0.5708154506437768,0.540925664288232,0.5274261603375529,0.563155033091475,0.5656825813495646,False
0,rruff_mineral_raw_0,RRUFF Minerals (Raw),Classification,0,KNN,0.9012875536480688,0.9025393419170242,0.9012875536480688,0.8860377819605287,0.8930379746835443,0.8997680769086897,0.9003746268432776,False
0,rruff_mineral_raw_0,RRUFF Minerals (Raw),Classification,0,LR,0.9399141630901288,0.9513420532733838,0.9399141630901288,0.935248543428296,0.9486286919831224,0.9389926873515496,0.939308986700544,False
0,rruff_mineral_raw_0,RRUFF Minerals (Raw),Classification,0,MITRA,0.9399141630901288,0.9576589004700592,0.9399141630901288,0.9370646282663452,0.9300632911392404,0.9389858406748592,0.9393198096905196,False
0,rruff_mineral_raw_0,RRUFF Minerals (Raw),Classification,0,NN_TORCH,0.9012875536480688,0.9148766945977246,0.9012875536480688,0.8940018787910735,0.8906118143459916,0.8997474511271163,0.9001687499252558,False
0,rruff_mineral_raw_0,RRUFF Minerals (Raw),Classification,0,PLS,0.3047210300429184,0.1583285396053636,0.3047210300429184,0.1822257512492209,0.2052742616033755,0.2900883957118675,0.2970994143373737,False
0,rruff_mineral_raw_0,RRUFF Minerals (Raw),Classification,0,RAMANFORMER,0.0128755364806866,0.0001657794396654,0.0128755364806866,0.000327344147814,0.0126582278481012,0.0,0.0,False
0,rruff_mineral_raw_0,RRUFF Minerals (Raw),Classification,0,RAMANNET,0.7467811158798283,0.8475942869719693,0.7467811158798283,0.7428391242732386,0.7476793248945147,0.7429121783363255,0.7463256981049027,False
0,rruff_mineral_raw_0,RRUFF Minerals (Raw),Classification,0,RAMANTRANSFORMER,0.0128755364806866,0.0001657794396654,0.0128755364806866,0.000327344147814,0.0126582278481012,0.0,0.0,False
0,rruff_mineral_raw_0,RRUFF Minerals (Raw),Classification,0,REALMLP,0.9227467811158798,0.9407418761496016,0.9227467811158798,0.919093781754726,0.9131856540084388,0.9215546910070328,0.9218824446305712,False
0,rruff_mineral_raw_0,RRUFF Minerals (Raw),Classification,0,REALTABPFN-V2,0.7639484978540773,0.8857237996574981,0.7639484978540773,0.7866825131119747,0.7460970464135022,0.7605657486641008,0.767897293502286,False
0,rruff_mineral_raw_0,RRUFF Minerals (Raw),Classification,0,REALTABPFN-V2.5,0.8969957081545065,0.922041692213366,0.8969957081545065,0.8936353346224591,0.8874472573839662,0.8954336362616403,0.8960369856005573,False
0,rruff_mineral_raw_0,RRUFF Minerals (Raw),Classification,0,REZERONET,0.8755364806866953,0.9142209959806528,0.8755364806866953,0.8778557020415136,0.869831223628692,0.8735212638514526,0.8757065012005967,False
0,rruff_mineral_raw_0,RRUFF Minerals (Raw),Classification,0,RF,0.8068669527896996,0.8043382940378649,0.8068669527896996,0.7845903094072749,0.7699367088607595,0.8037288706688381,0.8046041805700156,False
0,rruff_mineral_raw_0,RRUFF Minerals (Raw),Classification,0,ROCKET,0.9399141630901288,0.9522787655834866,0.9399141630901288,0.9365132244960572,0.9273206751054852,0.9389835581077794,0.9392120554461691,False
0,rruff_mineral_raw_0,RRUFF Minerals (Raw),Classification,0,SANET,0.0257510729613733,0.0011061751371742,0.0257510729613733,0.0020592187974162,0.0151898734177215,0.0044047058823528,0.0081231906800764,False
0,rruff_mineral_raw_0,RRUFF Minerals (Raw),Classification,0,TABDPT,0.9313304721030042,0.9461117923564276,0.9313304721030042,0.9306470353680654,0.9317510548523208,0.93027605296626,0.9305197643127208,False
0,rruff_mineral_raw_0,RRUFF Minerals (Raw),Classification,0,TABICL,0.9699570815450644,0.975935009196812,0.9699570815450644,0.9679663207560204,0.966350210970464,0.9694952026483624,0.9696221806483224,False
0,rruff_mineral_raw_0,RRUFF Minerals (Raw),Classification,0,TABM,0.9527896995708156,0.9644696505211529,0.9527896995708156,0.9504864710873296,0.9473628691983124,0.9520638898759984,0.9522776768408836,False
0,rruff_mineral_raw_0,RRUFF Minerals (Raw),Classification,0,XGB,0.6566523605150214,0.6866169357585665,0.6566523605150214,0.6404495599774571,0.6161392405063291,0.6511780227183412,0.6522907091104709,False
0,rruff_mineral_raw_0,RRUFF Minerals (Raw),Classification,0,XT,0.8412017167381974,0.8633000761756127,0.8412017167381974,0.8306226747529449,0.8136075949367088,0.8386275574190891,0.8394462054664307,False
0,serum_alzheimer_disease_0,Alzheimer's SERS Serum,Classification,0,ARSENAL,0.953216374269006,0.9534409279758466,0.953216374269006,0.9531807607281432,0.9559824988532514,0.9289761112084576,0.9291346253360124,False
0,serum_alzheimer_disease_0,Alzheimer's SERS Serum,Classification,0,AUTOGLUON,0.9897660818713452,0.9899171179558256,0.9897660818713452,0.9897652143674176,0.9912494266257368,0.9844512640654683,0.9845319439354916,False
0,serum_alzheimer_disease_0,Alzheimer's SERS Serum,Classification,0,CAT,0.8859649122807017,0.8861112348085723,0.8859649122807017,0.8859365851785743,0.8892240923044352,0.8268337569012356,0.8269396483099628,False
0,serum_alzheimer_disease_0,Alzheimer's SERS Serum,Classification,0,COATNET,0.8494152046783626,0.8489136517529868,0.8494152046783626,0.8488649745882352,0.8501464309657387,0.7707289927657206,0.7709728346108549,False
0,serum_alzheimer_disease_0,Alzheimer's SERS Serum,Classification,0,DEEPCNN,0.8464912280701754,0.8478892543859649,0.8464912280701754,0.846938451326958,0.8473060230761087,0.7664618086040387,0.7666637659590707,False
0,serum_alzheimer_disease_0,Alzheimer's SERS Serum,Classification,0,DUMMY,0.4122807017543859,0.1699753770390889,0.4122807017543859,0.2407104718317533,0.3333333333333333,0.0,0.0,False
0,serum_alzheimer_disease_0,Alzheimer's SERS Serum,Classification,0,FASTAI,0.8786549707602339,0.8799703033754785,0.8786549707602339,0.8789169077566572,0.881408560036696,0.8159269310455514,0.8163183819934824,False
0,serum_alzheimer_disease_0,Alzheimer's SERS Serum,Classification,0,FCRESNEXT,0.97953216374269,0.9796692929605404,0.97953216374269,0.979539029020433,0.9810698281641438,0.9689025281309368,0.9689693616187868,False
0,serum_alzheimer_disease_0,Alzheimer's SERS Serum,Classification,0,GBM,0.8771929824561403,0.8773304584991891,0.8771929824561403,0.8772416722951822,0.87879750185244,0.8132678132678133,0.8132864187463354,False
0,serum_alzheimer_disease_0,Alzheimer's SERS Serum,Classification,0,KNN,0.7865497076023392,0.7957943434137461,0.7865497076023392,0.7881690398382415,0.7897921738823612,0.6744991052832292,0.6765620937502269,False
0,serum_alzheimer_disease_0,Alzheimer's SERS Serum,Classification,0,LR,0.5847953216374269,0.5861597804599226,0.5847953216374269,0.5853061610150381,0.5818954871034897,0.3701596194811637,0.3702773010118557,False
0,serum_alzheimer_disease_0,Alzheimer's SERS Serum,Classification,0,MITRA,0.9634502923976608,0.9645182348061592,0.9634502923976608,0.963407765777704,0.96806746409795,0.9446144876840112,0.945228851319966,False
0,serum_alzheimer_disease_0,Alzheimer's SERS Serum,Classification,0,NN_TORCH,0.8845029239766082,0.887100544312068,0.8845029239766082,0.885111248585599,0.8851840090328501,0.8247979223204646,0.8254607963262858,False
0,serum_alzheimer_disease_0,Alzheimer's SERS Serum,Classification,0,PLS,0.6578947368421053,0.6569260498709318,0.6578947368421053,0.6555048258650753,0.648142267386472,0.4755374679288684,0.4769759533676666,False
0,serum_alzheimer_disease_0,Alzheimer's SERS Serum,Classification,0,RAMANFORMER,0.9678362573099416,0.9681020714198448,0.9678362573099416,0.9678647255663276,0.9668501464309656,0.9509778051426392,0.951094287358198,False
0,serum_alzheimer_disease_0,Alzheimer's SERS Serum,Classification,0,RAMANNET,0.9371345029239766,0.937416275609922,0.9371345029239766,0.937168376691286,0.9372640344377404,0.9041838918697042,0.9043005467165872,False
0,serum_alzheimer_disease_0,Alzheimer's SERS Serum,Classification,0,RAMANTRANSFORMER,0.4122807017543859,0.1699753770390889,0.4122807017543859,0.2407104718317533,0.3333333333333333,0.0,0.0,False
0,serum_alzheimer_disease_0,Alzheimer's SERS Serum,Classification,0,REALMLP,0.9385964912280702,0.9389091599881652,0.9385964912280702,0.9386617924512962,0.9408277760135494,0.9067075843928102,0.9067995413263306,False
0,serum_alzheimer_disease_0,Alzheimer's SERS Serum,Classification,0,REALTABPFN-V2,0.953216374269006,0.95351985261041,0.953216374269006,0.9531448153391576,0.9569351822448044,0.9290134267367192,0.9292541236741276,False
0,serum_alzheimer_disease_0,Alzheimer's SERS Serum,Classification,0,REALTABPFN-V2.5,0.9809941520467836,0.9812359962159448,0.9809941520467836,0.9809876664969646,0.9832045446526236,0.9711389594835392,0.9712759219526566,False
0,serum_alzheimer_disease_0,Alzheimer's SERS Serum,Classification,0,REZERONET,0.8888888888888888,0.8906262718108963,0.8888888888888888,0.8891942065641779,0.8858720581489714,0.8302474578263681,0.830821794755616,False
0,serum_alzheimer_disease_0,Alzheimer's SERS Serum,Classification,0,RF,0.8523391812865497,0.8552058250200664,0.8523391812865497,0.8527146621131583,0.849176105289157,0.7739294339400365,0.7750485634865121,False
0,serum_alzheimer_disease_0,Alzheimer's SERS Serum,Classification,0,ROCKET,0.9195906432748538,0.9197991210786997,0.9195906432748538,0.9196850015390704,0.9216506121872904,0.8776382424402096,0.8776468390259129,False
0,serum_alzheimer_disease_0,Alzheimer's SERS Serum,Classification,0,SANET,0.8859649122807017,0.8896594403317154,0.8859649122807017,0.8860744336073284,0.8806499417804594,0.8251327433628318,0.8270300267617937,False
0,serum_alzheimer_disease_0,Alzheimer's SERS Serum,Classification,0,TABDPT,0.72953216374269,0.7410347922386764,0.72953216374269,0.7278122247040058,0.7141596979640803,0.581248510841077,0.5880904895928063,False
0,serum_alzheimer_disease_0,Alzheimer's SERS Serum,Classification,0,TABICL,0.9897660818713452,0.989972315287717,0.9897660818713452,0.9897539143105544,0.9917257683215128,0.9844594397219056,0.984585518024874,False
0,serum_alzheimer_disease_0,Alzheimer's SERS Serum,Classification,0,TABM,0.9210526315789472,0.921041597206029,0.9210526315789472,0.9209393086122344,0.92378532867577,0.8801156778547016,0.8802283930023271,False
0,serum_alzheimer_disease_0,Alzheimer's SERS Serum,Classification,0,XGB,0.8698830409356725,0.870432606240877,0.8698830409356725,0.8700370049529905,0.8728873363678064,0.8021528021528022,0.8022545521273905,False
0,serum_alzheimer_disease_0,Alzheimer's SERS Serum,Classification,0,XT,0.8304093567251462,0.838328702711496,0.8304093567251462,0.8305412129482598,0.823347800007057,0.7389012290833703,0.7429015799247346,False
0,serum_prostate_cancer_0,Prostate Cancer SERS Serum,Classification,0,ARSENAL,0.982546608488695,0.9826079950812002,0.982546608488695,0.9825162275823583,0.9835866811436844,0.9734513380239384,0.9735145788588118,False
0,serum_prostate_cancer_0,Prostate Cancer SERS Serum,Classification,0,AUTOGLUON,0.99880999603332,0.998812264207283,0.99880999603332,0.9988095929872008,0.998914223669924,0.9981890248151252,0.998190699045514,False
0,serum_prostate_cancer_0,Prostate Cancer SERS Serum,Classification,0,CAT,0.9738199127330424,0.9737962054987048,0.9738199127330424,0.9738020321013716,0.9742970729279768,0.960163534787774,0.9601697551491176,False
0,serum_prostate_cancer_0,Prostate Cancer SERS Serum,Classification,0,COATNET,0.9769932566441888,0.9769842105418124,0.9769932566441888,0.976968593352586,0.977118960369164,0.9649932449110586,0.9650147474128916,False
0,serum_prostate_cancer_0,Prostate Cancer SERS Serum,Classification,0,DEEPCNN,0.9738199127330424,0.973995636862179,0.9738199127330424,0.9738667924413282,0.9737643639160334,0.9601560844311886,0.960201843555054,False
0,serum_prostate_cancer_0,Prostate Cancer SERS Serum,Classification,0,DUMMY,0.3808012693375645,0.1450096067291003,0.3808012693375645,0.2100368966182487,0.3333333333333333,0.0,0.0,False
0,serum_prostate_cancer_0,Prostate Cancer SERS Serum,Classification,0,FASTAI,0.9900833002776676,0.990081218772148,0.9900833002776676,0.9900812204814564,0.9904338581252262,0.9849098373255324,0.9849107893899088,False
0,serum_prostate_cancer_0,Prostate Cancer SERS Serum,Classification,0,FCRESNEXT,0.9916699722332408,0.9916698250732396,0.9916699722332408,0.991669689472672,0.9917079487875498,0.9873224390745028,0.9873226755498482,False
0,serum_prostate_cancer_0,Prostate Cancer SERS Serum,Classification,0,GBM,0.957159857199524,0.9571104392120188,0.957159857199524,0.95706327126319,0.958448697068404,0.934828894371384,0.9349043617948836,False
0,serum_prostate_cancer_0,Prostate Cancer SERS Serum,Classification,0,KNN,0.9512098373661244,0.9516053832689192,0.9512098373661244,0.9511598940747694,0.9538906985161056,0.9259200418176936,0.9261406923047144,False
0,serum_prostate_cancer_0,Prostate Cancer SERS Serum,Classification,0,LR,0.8377627925426419,0.8374915240779569,0.8377627925426419,0.8376143448423401,0.8387554288816504,0.753089881653815,0.7531030468611544,False
0,serum_prostate_cancer_0,Prostate Cancer SERS Serum,Classification,0,MITRA,0.9599365331217772,0.959900990180612,0.9599365331217772,0.9599128722226006,0.9600140246109302,0.9390334656161302,0.9390397650939192,False
0,serum_prostate_cancer_0,Prostate Cancer SERS Serum,Classification,0,NN_TORCH,0.982546608488695,0.9827102796057954,0.982546608488695,0.9825729482063476,0.9817680057908073,0.9734218409383774,0.9734789646153096,False
0,serum_prostate_cancer_0,Prostate Cancer SERS Serum,Classification,0,PLS,0.7667592225307418,0.7634762315838947,0.7667592225307418,0.7622686748455517,0.7717901737242129,0.646442705800389,0.6489531332828982,False
0,serum_prostate_cancer_0,Prostate Cancer SERS Serum,Classification,0,RAMANFORMER,0.9936533121777072,0.9936852353247582,0.9936533121777072,0.9936539506646904,0.9940531125588128,0.9903424577506468,0.9903597763250264,False
0,serum_prostate_cancer_0,Prostate Cancer SERS Serum,Classification,0,RAMANNET,0.9952399841332804,0.9952443445320572,0.9952399841332804,0.9952413246067388,0.9952389838943178,0.9927558824332304,0.9927568334878384,False
0,serum_prostate_cancer_0,Prostate Cancer SERS Serum,Classification,0,RAMANTRANSFORMER,0.3808012693375645,0.1450096067291003,0.3808012693375645,0.2100368966182487,0.3333333333333333,0.0,0.0,False
0,serum_prostate_cancer_0,Prostate Cancer SERS Serum,Classification,0,REALMLP,0.9928599761999206,0.9928802012003108,0.9928599761999206,0.9928639580530368,0.9922728917842925,0.9891317312348842,0.9891381437226874,False
0,serum_prostate_cancer_0,Prostate Cancer SERS Serum,Classification,0,REALTABPFN-V2,0.9912733042443476,0.991286599441308,0.9912733042443476,0.9912630798273108,0.9916050262395948,0.9867216996377688,0.9867396724552648,False
0,serum_prostate_cancer_0,Prostate Cancer SERS Serum,Classification,0,REALTABPFN-V2.5,0.9976199920666402,0.9976314965191014,0.9976199920666402,0.9976189873822898,0.997828447339848,0.9963787806023684,0.9963854892658632,False
0,serum_prostate_cancer_0,Prostate Cancer SERS Serum,Classification,0,REZERONET,0.9896866322887744,0.9896824124738364,0.9896866322887744,0.9896811826232548,0.9897100072385088,0.9843035324116514,0.984307304679863,False
0,serum_prostate_cancer_0,Prostate Cancer SERS Serum,Classification,0,RF,0.9238397461324872,0.9245857100708031,0.9238397461324872,0.923352612800184,0.925969281577995,0.8842436624605731,0.8851130587270141,False
0,serum_prostate_cancer_0,Prostate Cancer SERS Serum,Classification,0,ROCKET,0.9841332804442682,0.9841453088170744,0.9841332804442682,0.9841373964926612,0.984457564241766,0.9758471636105568,0.9758488238390196,False
0,serum_prostate_cancer_0,Prostate Cancer SERS Serum,Classification,0,SANET,0.9861166203887346,0.9862229549750132,0.9861166203887346,0.9860797499691428,0.986899995475932,0.9788841922327044,0.9789773412205216,False
0,serum_prostate_cancer_0,Prostate Cancer SERS Serum,Classification,0,TABDPT,0.9289964299881,0.929328253186064,0.9289964299881,0.9290638317474056,0.9318098534201954,0.8920450059879438,0.8921458608631474,False
0,serum_prostate_cancer_0,Prostate Cancer SERS Serum,Classification,0,TABICL,0.9984133280444268,0.9984145656980582,0.9984133280444268,0.9984136891740644,0.9984080935577272,0.997585434066355,0.9975856758436517,False
0,serum_prostate_cancer_0,Prostate Cancer SERS Serum,Classification,0,TABM,0.9873066243554144,0.9873051325008938,0.9873066243554144,0.9873035507899102,0.9875972674629028,0.9806858912341212,0.980688023908913,False
0,serum_prostate_cancer_0,Prostate Cancer SERS Serum,Classification,0,XGB,0.9551765172550576,0.955114901979628,0.9551765172550576,0.9551070550566568,0.9560328447339848,0.9317894106731316,0.9318315812226036,False
0,serum_prostate_cancer_0,Prostate Cancer SERS Serum,Classification,0,XT,0.9238397461324872,0.924719048055787,0.9238397461324872,0.9232354470222016,0.927776081252262,0.8842183822263046,0.8852890635669654,False
0,wheat_lines_0,Mutant Wheat,Classification,0,ARSENAL,0.8930083748941375,0.8930278628553953,0.8930083748941375,0.8929734045908508,0.8930179812389831,0.8569845769188364,0.8570146781747439,False
0,wheat_lines_0,Mutant Wheat,Classification,0,AUTOGLUON,0.9239672532229228,0.9240710301628856,0.9239672532229228,0.9239899071906444,0.9244283337720388,0.8983983541950825,0.8984159696702962,False
0,wheat_lines_0,Mutant Wheat,Classification,0,CAT,0.9083466641573352,0.9083322909437328,0.9083466641573352,0.9082998484597408,0.9084130858184918,0.8774858051724348,0.8775136900280873,False
0,wheat_lines_0,Mutant Wheat,Classification,0,COATNET,0.8721181895172674,0.8721702004960127,0.8721181895172674,0.8721424211737051,0.87312793726165,0.8291202028337941,0.8291212625454764,False
0,wheat_lines_0,Mutant Wheat,Classification,0,DEEPCNN,0.8803989837207113,0.883356658985545,0.8803989837207113,0.8800559327101676,0.8799947493949527,0.8401177584274925,0.8411885259926152,False
0,wheat_lines_0,Mutant Wheat,Classification,0,DUMMY,0.2851228004140397,0.0812950113159443,0.2851228004140397,0.1265171099442835,0.25,0.0,0.0,False
0,wheat_lines_0,Mutant Wheat,Classification,0,FASTAI,0.9241554530911829,0.9242846958591374,0.9241554530911829,0.9242035087292558,0.9249507154675328,0.8986659908985438,0.8986770024552083,False
0,wheat_lines_0,Mutant Wheat,Classification,0,FCRESNEXT,0.893855274301308,0.8952051482632136,0.893855274301308,0.8940377107137225,0.895869250372273,0.8583211711623707,0.8586593548669994,False
0,wheat_lines_0,Mutant Wheat,Classification,0,GBM,0.8941375741036981,0.8941662738733895,0.8941375741036981,0.8940525023617797,0.8938944457861775,0.8584639557774527,0.8585335695182355,False
0,wheat_lines_0,Mutant Wheat,Classification,0,KNN,0.789874847087607,0.8076180737343882,0.789874847087607,0.7892723860957641,0.7940006233486054,0.7200129735083969,0.7258342592030507,False
0,wheat_lines_0,Mutant Wheat,Classification,0,LR,0.8329726169191681,0.8326713829287936,0.8329726169191681,0.8327864598519092,0.8341005502429324,0.776792740200863,0.7768136188338114,False
0,wheat_lines_0,Mutant Wheat,Classification,0,MITRA,0.8293027194880963,0.8303169892240942,0.8293027194880963,0.8284216124401965,0.827751050560981,0.77142120834741,0.7724083734374894,False
0,wheat_lines_0,Mutant Wheat,Classification,0,NN_TORCH,0.9162510586242588,0.9164933654693922,0.9162510586242588,0.916255989885454,0.9159276334083434,0.8880213537794153,0.8881041858635337,False
0,wheat_lines_0,Mutant Wheat,Classification,0,PLS,0.7171355980050814,0.7192414599670232,0.7171355980050814,0.7144316028235157,0.7146886064454726,0.6211551886803528,0.623301190613352,False
0,wheat_lines_0,Mutant Wheat,Classification,0,RAMANFORMER,0.8948903735767385,0.8946701651996462,0.8948903735767385,0.8947078924179167,0.8948303085767795,0.8594977700236255,0.859546052357621,False
0,wheat_lines_0,Mutant Wheat,Classification,0,RAMANNET,0.8921614754869671,0.8966243091839043,0.8921614754869671,0.892025187637533,0.891473872599763,0.8558455655557208,0.8572269311465094,False
0,wheat_lines_0,Mutant Wheat,Classification,0,RAMANTRANSFORMER,0.2851228004140397,0.0812950113159443,0.2851228004140397,0.1265171099442835,0.25,0.0,0.0,False
0,wheat_lines_0,Mutant Wheat,Classification,0,REALMLP,0.9053354662651736,0.9059940012298576,0.9053354662651736,0.9052277407602012,0.904732948183164,0.8733919241008249,0.8736783068786975,False
0,wheat_lines_0,Mutant Wheat,Classification,0,REALTABPFN-V2,0.8771054860261598,0.8789218268743847,0.8771054860261598,0.8774691861730831,0.8792218143217674,0.835959376523602,0.8363367504460878,False
0,wheat_lines_0,Mutant Wheat,Classification,0,REALTABPFN-V2.5,0.924531852827703,0.9246225592139574,0.924531852827703,0.92454316971547,0.9248908884448336,0.8991474697160033,0.8991680621360049,False
0,wheat_lines_0,Mutant Wheat,Classification,0,REZERONET,0.9117342617860168,0.9117169807097392,0.9117342617860168,0.91165165516812,0.9116426008866654,0.8820049850606444,0.8820557323767501,False
0,wheat_lines_0,Mutant Wheat,Classification,0,RF,0.8595087983438412,0.8596518611471449,0.8595087983438412,0.8589902531884989,0.8582929077438198,0.812024174711514,0.8124346905993706,False
0,wheat_lines_0,Mutant Wheat,Classification,0,ROCKET,0.901759668768232,0.9017213829276411,0.901759668768232,0.901733537947006,0.9021189552439882,0.8687072056279613,0.8687120768546994,False
0,wheat_lines_0,Mutant Wheat,Classification,0,SANET,0.8229980239013833,0.8362263120937262,0.8229980239013833,0.8205944566345008,0.8199766834838305,0.7633410734659547,0.7688720916658118,False
0,wheat_lines_0,Mutant Wheat,Classification,0,TABDPT,0.8708007904394467,0.8711575440024956,0.8708007904394467,0.8707439810175014,0.869993950283116,0.8272030351141554,0.8273679078548828,False
0,wheat_lines_0,Mutant Wheat,Classification,0,TABICL,0.9037357673849628,0.9046128943982328,0.9037357673849628,0.9039929173949286,0.90529509535647,0.8714360724040784,0.8715618369622199,False
0,wheat_lines_0,Mutant Wheat,Classification,0,TABM,0.9209560553307612,0.9216916220855838,0.9209560553307612,0.9211099032176628,0.9223255403040524,0.8944356012383561,0.8945789764740254,False
0,wheat_lines_0,Mutant Wheat,Classification,0,XGB,0.906088265738214,0.9062290365147312,0.906088265738214,0.905998102061246,0.9057345802367904,0.8744306665983907,0.8745406795021943,False
0,wheat_lines_0,Mutant Wheat,Classification,0,XT,0.8579090994636304,0.8579976698612853,0.8579090994636304,0.8573055038159545,0.8566146266155346,0.8098737134360655,0.8103241531307216,False
1,alzheimer_0,Saliva Alzheimer,Classification,0,ARSENAL,0.9393939393939394,0.938562091503268,0.9393939393939394,0.9385909123030174,0.9039772727272728,0.8286713286713286,0.8296659497865959,False
1,alzheimer_0,Saliva Alzheimer,Classification,0,AUTOGLUON,0.9696969696969696,0.9695543000627744,0.9696969696969696,0.9696008871100484,0.9551136363636364,0.915951972555746,0.9160180036717878,False
1,alzheimer_0,Saliva Alzheimer,Classification,0,CAT,0.8528138528138528,0.8482469911041338,0.8528138528138528,0.8498015020361389,0.7784090909090908,0.578512396694215,0.5801193511153213,False
1,alzheimer_0,Saliva Alzheimer,Classification,0,COATNET,0.8874458874458875,0.886166550571893,0.8874458874458875,0.886721669207545,0.8386363636363636,0.6858457997698504,0.6860461481290676,False
1,alzheimer_0,Saliva Alzheimer,Classification,0,DEEPCNN,0.935064935064935,0.9355102040816324,0.935064935064935,0.9352649352649351,0.9136363636363636,0.8221343873517787,0.8221921916437785,False
1,alzheimer_0,Saliva Alzheimer,Classification,0,DUMMY,0.7619047619047619,0.5804988662131518,0.7619047619047619,0.658944658944659,0.5,0.0,0.0,False
1,alzheimer_0,Saliva Alzheimer,Classification,0,FASTAI,0.7792207792207793,0.791005291005291,0.7792207792207793,0.7040361625210978,0.5426136363636364,0.1228501228501227,0.2282177322938192,False
1,alzheimer_0,Saliva Alzheimer,Classification,0,FCRESNEXT,0.9393939393939394,0.9387007550272856,0.9393939393939394,0.9381535596619396,0.8977272727272727,0.8264462809917356,0.8287419301647447,False
1,alzheimer_0,Saliva Alzheimer,Classification,0,GBM,0.8614718614718615,0.8572923674964491,0.8614718614718615,0.8586367077987189,0.790340909090909,0.6033057851239669,0.6049816090202637,False
1,alzheimer_0,Saliva Alzheimer,Classification,0,KNN,0.9090909090909092,0.9077137945853028,0.9090909090909092,0.908200605502172,0.8653409090909091,0.7446438911407065,0.7451398535678797,False
1,alzheimer_0,Saliva Alzheimer,Classification,0,LR,0.9437229437229436,0.9451389086629268,0.9437229437229436,0.9442281058276192,0.931818181818182,0.8477412158393753,0.8482650046056767,False
1,alzheimer_0,Saliva Alzheimer,Classification,0,MITRA,0.9567099567099568,0.956364768129474,0.9567099567099568,0.9561363659307268,0.927840909090909,0.8776223776223776,0.8786757527275763,False
1,alzheimer_0,Saliva Alzheimer,Classification,0,NN_TORCH,0.8658008658008658,0.880900826588304,0.8658008658008658,0.8703195502245794,0.8556818181818182,0.6579085654230163,0.6647848003279128,False
1,alzheimer_0,Saliva Alzheimer,Classification,0,PLS,0.974025974025974,0.9738938187104396,0.974025974025974,0.9738588467402028,0.9579545454545456,0.9275028768699656,0.92777381777186,False
1,alzheimer_0,Saliva Alzheimer,Classification,0,RAMANFORMER,0.238095238095238,0.0566893424036281,0.238095238095238,0.0915750915750915,0.5,0.0,0.0,False
1,alzheimer_0,Saliva Alzheimer,Classification,0,RAMANNET,0.8701298701298701,0.8828716671853927,0.8701298701298701,0.8527416101228682,0.7335227272727273,0.5661157024793388,0.6191556816907479,False
1,alzheimer_0,Saliva Alzheimer,Classification,0,RAMANTRANSFORMER,0.238095238095238,0.0566893424036281,0.238095238095238,0.0915750915750915,0.5,0.0,0.0,False
1,alzheimer_0,Saliva Alzheimer,Classification,0,REALMLP,0.8658008658008658,0.8606960998265346,0.8658008658008658,0.8614945388484239,0.7869318181818181,0.6080674292594823,0.6120425340241961,False
1,alzheimer_0,Saliva Alzheimer,Classification,0,REALTABPFN-V2,0.9653679653679652,0.9651210918965848,0.9653679653679652,0.9651451289869368,0.9460227272727272,0.903337169159954,0.9036010508075806,False
1,alzheimer_0,Saliva Alzheimer,Classification,0,REALTABPFN-V2.5,0.974025974025974,0.97416744475568,0.974025974025974,0.973681819558436,0.9517045454545454,0.9265734265734266,0.9276855556685566,False
1,alzheimer_0,Saliva Alzheimer,Classification,0,REZERONET,0.935064935064935,0.9366297445827044,0.935064935064935,0.9356478144164836,0.9198863636363636,0.8243167875069716,0.8248261031626251,False
1,alzheimer_0,Saliva Alzheimer,Classification,0,RF,0.8268398268398268,0.8247574628749105,0.8268398268398268,0.8257256449346846,0.7551136363636364,0.5166858457997698,0.516836779379113,False
1,alzheimer_0,Saliva Alzheimer,Classification,0,ROCKET,0.9437229437229436,0.9430546176356231,0.9437229437229436,0.9431718034061064,0.9130681818181818,0.8419224088013897,0.8424831625876338,False
1,alzheimer_0,Saliva Alzheimer,Classification,0,SANET,0.7619047619047619,0.5804988662131518,0.7619047619047619,0.658944658944659,0.5,0.0,0.0,False
1,alzheimer_0,Saliva Alzheimer,Classification,0,TABDPT,0.9567099567099568,0.958462375884528,0.9567099567099568,0.9572206378014,0.9528409090909092,0.8835920177383592,0.8845514497443194,False
1,alzheimer_0,Saliva Alzheimer,Classification,0,TABICL,0.9653679653679652,0.9651210918965848,0.9653679653679652,0.9651451289869368,0.9460227272727272,0.903337169159954,0.9036010508075806,False
1,alzheimer_0,Saliva Alzheimer,Classification,0,TABM,0.8701298701298701,0.8701298701298701,0.8701298701298701,0.8701298701298701,0.8210227272727273,0.6420454545454546,0.6420454545454546,False
1,alzheimer_0,Saliva Alzheimer,Classification,0,XGB,0.8181818181818182,0.8139433551198257,0.8181818181818182,0.8157727369090524,0.7369318181818182,0.4860139860139859,0.4865973291997335,False
1,alzheimer_0,Saliva Alzheimer,Classification,0,XT,0.8441558441558441,0.8379807056957843,0.8441558441558441,0.8397759103641457,0.7602272727272728,0.5478468899521531,0.5506335179094426,False
1,bacteria_identification_0,Pathogenic Bacteria,Classification,0,ARSENAL,0.8146496815286625,0.8181504057422965,0.8146496815286625,0.8106058060690418,0.8145228884590587,0.8071717082188485,0.8075918135424589,False
1,bacteria_identification_0,Pathogenic Bacteria,Classification,0,AUTOGLUON,0.9028025477707008,0.9039423977373466,0.9028025477707008,0.9026651981568222,0.9019632495164412,0.8989619202051278,0.8990197613569207,False
1,bacteria_identification_0,Pathogenic Bacteria,Classification,0,CAT,0.7992993630573249,0.8028450444728225,0.7992993630573249,0.799546224697291,0.8017053513862022,0.7913007344658987,0.7914527557458491,False
1,bacteria_identification_0,Pathogenic Bacteria,Classification,0,COATNET,0.8600636942675159,0.8603816891383271,0.8600636942675159,0.8599490935337868,0.8591892327530626,0.8545661912742835,0.8545867006973594,False
1,bacteria_identification_0,Pathogenic Bacteria,Classification,0,DEEPCNN,0.9186624203821656,0.9201980629492538,0.9186624203821656,0.9182894907635044,0.9223984526112188,0.915473962022328,0.9155756872994494,False
1,bacteria_identification_0,Pathogenic Bacteria,Classification,0,DUMMY,0.0598726114649681,0.003584729603635,0.0598726114649681,0.006764453699167,0.0333333333333333,0.0,0.0,False
1,bacteria_identification_0,Pathogenic Bacteria,Classification,0,FASTAI,0.9280254777070064,0.9282601284623768,0.9280254777070064,0.928050488345894,0.9290618955512572,0.9252127249235412,0.925219821198094,False
1,bacteria_identification_0,Pathogenic Bacteria,Classification,0,FCRESNEXT,0.9064968152866242,0.9107931144402418,0.9064968152866242,0.9074863086506948,0.9086943907156672,0.9028412923242952,0.9029513835010126,False
1,bacteria_identification_0,Pathogenic Bacteria,Classification,0,GBM,0.6238853503184714,0.6421113385816473,0.6238853503184714,0.6253970909230263,0.617649903288201,0.6079232835000317,0.6089257293213827,False
1,bacteria_identification_0,Pathogenic Bacteria,Classification,0,KNN,0.3095541401273885,0.4058380062267223,0.3095541401273885,0.2629119775664526,0.2965747904577692,0.2841333069736725,0.3076044059080006,False
1,bacteria_identification_0,Pathogenic Bacteria,Classification,0,LR,0.7536942675159236,0.7529936570476244,0.7536942675159236,0.7531264755516581,0.7680947775628627,0.744053573799933,0.744068859714372,False
1,bacteria_identification_0,Pathogenic Bacteria,Classification,0,MITRA,0.7229936305732484,0.7289053699924238,0.7229936305732484,0.7211518320400507,0.7289603481624758,0.7120814849798438,0.7124527741665183,False
1,bacteria_identification_0,Pathogenic Bacteria,Classification,0,NN_TORCH,0.9063057324840764,0.9084943439931664,0.9063057324840764,0.906734812827988,0.9109655061250806,0.9026835583853562,0.9027401344939312,False
1,bacteria_identification_0,Pathogenic Bacteria,Classification,0,PLS,0.4750318471337579,0.5260604577261827,0.4750318471337579,0.411525959924447,0.4756221792392004,0.4523054913612854,0.4566009674088865,False
1,bacteria_identification_0,Pathogenic Bacteria,Classification,0,RAMANFORMER,0.9398089171974522,0.9396956762655524,0.9398089171974522,0.9395116933503306,0.9388056092843328,0.9374501992031872,0.9374667141968442,False
1,bacteria_identification_0,Pathogenic Bacteria,Classification,0,RAMANNET,0.9459235668789808,0.9461519902996208,0.9459235668789808,0.9459793681411854,0.9472469374597032,0.9438157159868068,0.9438197626630046,False
1,bacteria_identification_0,Pathogenic Bacteria,Classification,0,RAMANTRANSFORMER,0.8324840764331211,0.8417669559089104,0.8324840764331211,0.8273738589533586,0.8331560283687943,0.8260039610635876,0.8265624655799927,False
1,bacteria_identification_0,Pathogenic Bacteria,Classification,0,REALMLP,0.8914012738853503,0.8958907959878706,0.8914012738853503,0.8888084766987533,0.8876773049645389,0.8870763279399451,0.8873848784490846,False
1,bacteria_identification_0,Pathogenic Bacteria,Classification,0,REALTABPFN-V2,0.8867515923566879,0.887435122752544,0.8867515923566879,0.886339862595683,0.8847662798194714,0.8822720160599888,0.8823420836803929,False
1,bacteria_identification_0,Pathogenic Bacteria,Classification,0,REALTABPFN-V2.5,0.8996178343949045,0.8998852775022641,0.8996178343949045,0.8990938253547587,0.8986589297227596,0.8956713862863985,0.8957166272762556,False
1,bacteria_identification_0,Pathogenic Bacteria,Classification,0,REZERONET,0.9020382165605096,0.9035381884543044,0.9020382165605096,0.9023682279713496,0.9027466150870408,0.8981942213396407,0.8982273241726073,False
1,bacteria_identification_0,Pathogenic Bacteria,Classification,0,RF,0.6277070063694268,0.6747121631985882,0.6277070063694268,0.6118615629729053,0.6018052869116699,0.6107713188980552,0.6153403228527851,False
1,bacteria_identification_0,Pathogenic Bacteria,Classification,0,ROCKET,0.8530573248407644,0.8560095213286785,0.8530573248407644,0.8512581964648117,0.8538781431334622,0.8471979176334596,0.8474245141623493,False
1,bacteria_identification_0,Pathogenic Bacteria,Classification,0,SANET,0.9403184713375796,0.9403651946460564,0.9403184713375796,0.9402793299907032,0.9408623468729852,0.937987695251986,0.9379915904170468,False
1,bacteria_identification_0,Pathogenic Bacteria,Classification,0,TABDPT,0.867452229299363,0.8715554849706522,0.867452229299363,0.86752608919175,0.8658816892327531,0.8621897902584598,0.8623595515171714,False
1,bacteria_identification_0,Pathogenic Bacteria,Classification,0,TABICL,0.903375796178344,0.9040660188562778,0.903375796178344,0.9034371918210048,0.9029271437782076,0.8995910606705761,0.8996134342464748,False
1,bacteria_identification_0,Pathogenic Bacteria,Classification,0,TABM,0.928343949044586,0.929126494651636,0.928343949044586,0.928556625371862,0.930166021921341,0.925545054463292,0.9255599091092472,False
1,bacteria_identification_0,Pathogenic Bacteria,Classification,0,XGB,0.8373885350318472,0.8425115961604104,0.8373885350318472,0.8382425908249717,0.8361686009026434,0.8308618714355944,0.8310695001799369,False
1,bacteria_identification_0,Pathogenic Bacteria,Classification,0,XT,0.5787261146496815,0.6556746942261351,0.5787261146496815,0.5564015379214274,0.5489071566731141,0.5588549919919112,0.5657997148041841,False
1,cancer_cell_(cooh)2_0,Cancer Cell Metabolite ((COOH)2),Classification,0,ARSENAL,0.992063492063492,0.9927849927849928,0.992063492063492,0.9920436010661574,0.9916666666666668,0.9913366336633664,0.9914048019036852,False
1,cancer_cell_(cooh)2_0,Cancer Cell Metabolite ((COOH)2),Classification,0,AUTOGLUON,0.992063492063492,0.9927248677248676,0.992063492063492,0.9920772946859904,0.9935897435897436,0.9913378248315688,0.9914059837800376,False
1,cancer_cell_(cooh)2_0,Cancer Cell Metabolite ((COOH)2),Classification,0,CAT,0.9444444444444444,0.9498556998556998,0.9444444444444444,0.9451862882314008,0.9462703962703964,0.9393814432989692,0.9397689768976898,False
1,cancer_cell_(cooh)2_0,Cancer Cell Metabolite ((COOH)2),Classification,0,COATNET,0.7380952380952381,0.7548857667905288,0.7380952380952381,0.7374152219656325,0.7387529137529137,0.7143249742356579,0.7160478100971689,False
1,cancer_cell_(cooh)2_0,Cancer Cell Metabolite ((COOH)2),Classification,0,DEEPCNN,1.0,1.0,1.0,1.0,1.0,1.0,1.0,False
1,cancer_cell_(cooh)2_0,Cancer Cell Metabolite ((COOH)2),Classification,0,DUMMY,0.1031746031746031,0.0106449987402368,0.1031746031746031,0.0192988466369761,0.0833333333333333,0.0,0.0,False
1,cancer_cell_(cooh)2_0,Cancer Cell Metabolite ((COOH)2),Classification,0,FASTAI,0.9126984126984128,0.9320818070818072,0.9126984126984128,0.9126716751621404,0.9121794871794872,0.9047357206680872,0.90660648208403,False
1,cancer_cell_(cooh)2_0,Cancer Cell Metabolite ((COOH)2),Classification,0,FCRESNEXT,0.9603174603174603,0.9663299663299664,0.9603174603174603,0.9606813751550594,0.9629370629370628,0.9567040065974848,0.9572302848731584,False
1,cancer_cell_(cooh)2_0,Cancer Cell Metabolite ((COOH)2),Classification,0,GBM,0.9126984126984128,0.9144219977553312,0.9126984126984128,0.911920132220884,0.9148601398601398,0.9047226232212828,0.905033704062144,False
1,cancer_cell_(cooh)2_0,Cancer Cell Metabolite ((COOH)2),Classification,0,KNN,0.9682539682539684,0.9719843648415076,0.9682539682539684,0.9679716265973576,0.9674242424242424,0.9653370013755158,0.9657357453098496,False
1,cancer_cell_(cooh)2_0,Cancer Cell Metabolite ((COOH)2),Classification,0,LR,0.984126984126984,0.9847883597883598,0.984126984126984,0.9841407867494824,0.9852564102564104,0.9826756496631376,0.982743213047979,False
1,cancer_cell_(cooh)2_0,Cancer Cell Metabolite ((COOH)2),Classification,0,MITRA,0.992063492063492,0.9927248677248676,0.992063492063492,0.9920772946859904,0.9935897435897436,0.9913378248315688,0.9914059837800376,False
1,cancer_cell_(cooh)2_0,Cancer Cell Metabolite ((COOH)2),Classification,0,NN_TORCH,0.984126984126984,0.9855098605098604,0.984126984126984,0.9841208957521478,0.9852564102564102,0.9826756496631376,0.9828107810781078,False
1,cancer_cell_(cooh)2_0,Cancer Cell Metabolite ((COOH)2),Classification,0,PLS,0.873015873015873,0.8193757300900157,0.873015873015873,0.8405488583956492,0.8693473193473195,0.8613766073024823,0.8657335047935826,False
1,cancer_cell_(cooh)2_0,Cancer Cell Metabolite ((COOH)2),Classification,0,RAMANFORMER,0.984126984126984,0.9848484848484848,0.984126984126984,0.9841572184429328,0.9852564102564104,0.9826768405856876,0.9827444063744184,False
1,cancer_cell_(cooh)2_0,Cancer Cell Metabolite ((COOH)2),Classification,0,RAMANNET,0.9761904761904762,0.9816849816849816,0.9761904761904762,0.9771668301187753,0.9769230769230768,0.9740152608785316,0.9744171859949572,False
1,cancer_cell_(cooh)2_0,Cancer Cell Metabolite ((COOH)2),Classification,0,RAMANTRANSFORMER,0.1031746031746031,0.0106449987402368,0.1031746031746031,0.0192988466369761,0.0833333333333333,0.0,0.0,False
1,cancer_cell_(cooh)2_0,Cancer Cell Metabolite ((COOH)2),Classification,0,REALMLP,0.984126984126984,0.9855098605098604,0.984126984126984,0.9838271057215155,0.9871794871794872,0.9826792219396522,0.9828819012196612,False
1,cancer_cell_(cooh)2_0,Cancer Cell Metabolite ((COOH)2),Classification,0,REALTABPFN-V2,0.992063492063492,0.9927248677248676,0.992063492063492,0.9920772946859904,0.9935897435897436,0.9913378248315688,0.9914059837800376,False
1,cancer_cell_(cooh)2_0,Cancer Cell Metabolite ((COOH)2),Classification,0,REALTABPFN-V2.5,0.992063492063492,0.9927248677248676,0.992063492063492,0.9920772946859904,0.9935897435897436,0.9913378248315688,0.9914059837800376,False
1,cancer_cell_(cooh)2_0,Cancer Cell Metabolite ((COOH)2),Classification,0,REZERONET,0.992063492063492,0.9927849927849928,0.992063492063492,0.9920937263794406,0.9935897435897436,0.991338420292844,0.991406581624728,False
1,cancer_cell_(cooh)2_0,Cancer Cell Metabolite ((COOH)2),Classification,0,RF,0.8412698412698413,0.8562548562548563,0.8412698412698413,0.8413570904172407,0.8386946386946387,0.8267564966313763,0.8278954449289719,False
1,cancer_cell_(cooh)2_0,Cancer Cell Metabolite ((COOH)2),Classification,0,ROCKET,0.9761904761904762,0.9782948532948532,0.9761904761904762,0.9761644968183052,0.976923076923077,0.9740134744947064,0.9742144009828972,False
1,cancer_cell_(cooh)2_0,Cancer Cell Metabolite ((COOH)2),Classification,0,SANET,0.0793650793650793,0.0062988158226253,0.0793650793650793,0.0116713352007469,0.0833333333333333,0.0,0.0,False
1,cancer_cell_(cooh)2_0,Cancer Cell Metabolite ((COOH)2),Classification,0,TABDPT,0.9444444444444444,0.9526930300739824,0.9444444444444444,0.9455694792536898,0.9462703962703964,0.9393731097058016,0.9400840327698324,False
1,cancer_cell_(cooh)2_0,Cancer Cell Metabolite ((COOH)2),Classification,0,TABICL,0.984126984126984,0.9855098605098604,0.984126984126984,0.984120895752148,0.9852564102564104,0.9826756496631376,0.9828107810781078,False
1,cancer_cell_(cooh)2_0,Cancer Cell Metabolite ((COOH)2),Classification,0,TABM,0.984126984126984,0.9867724867724867,0.984126984126984,0.9841871091871092,0.9871794871794872,0.982680412371134,0.9829506486422828,False
1,cancer_cell_(cooh)2_0,Cancer Cell Metabolite ((COOH)2),Classification,0,XGB,0.8492063492063492,0.8601722351722352,0.8492063492063492,0.8495339899899892,0.8497086247086246,0.8354299855640338,0.8362926055244855,False
1,cancer_cell_(cooh)2_0,Cancer Cell Metabolite ((COOH)2),Classification,0,XT,0.8412698412698413,0.8616329107400537,0.8412698412698413,0.8407622301759285,0.8379370629370629,0.8267445857683052,0.8286266010840793,False
1,cancer_cell_cooh_0,Cancer Cell Metabolite (COOH),Classification,0,ARSENAL,0.968503937007874,0.9746113466585908,0.968503937007874,0.9690335904808236,0.968939393939394,0.9656245770740288,0.9661476761971024,False
1,cancer_cell_cooh_0,Cancer Cell Metabolite (COOH),Classification,0,AUTOGLUON,1.0,1.0,1.0,1.0,1.0,1.0,1.0,False
1,cancer_cell_cooh_0,Cancer Cell Metabolite (COOH),Classification,0,CAT,0.968503937007874,0.9711882605583392,0.968503937007874,0.9683437396412404,0.9693473193473192,0.9656222507951546,0.9658837266782384,False
1,cancer_cell_cooh_0,Cancer Cell Metabolite (COOH),Classification,0,COATNET,0.7244094488188977,0.7459992981646525,0.7244094488188977,0.7143215309668759,0.723892773892774,0.6992760976929842,0.7027543152641637,False
1,cancer_cell_cooh_0,Cancer Cell Metabolite (COOH),Classification,0,DEEPCNN,1.0,1.0,1.0,1.0,1.0,1.0,1.0,False
1,cancer_cell_cooh_0,Cancer Cell Metabolite (COOH),Classification,0,DUMMY,0.1023622047244094,0.0104780209560419,0.1023622047244094,0.0190101237345331,0.0833333333333333,0.0,0.0,False
1,cancer_cell_cooh_0,Cancer Cell Metabolite (COOH),Classification,0,FASTAI,0.8818897637795275,0.907427480655827,0.8818897637795275,0.8869626888446517,0.8795454545454545,0.8710659898477158,0.8727215626938294,False
1,cancer_cell_cooh_0,Cancer Cell Metabolite (COOH),Classification,0,FCRESNEXT,0.968503937007874,0.9706513958482464,0.968503937007874,0.9688591557634244,0.9674242424242424,0.9656222507951546,0.9657529632948898,False
1,cancer_cell_cooh_0,Cancer Cell Metabolite (COOH),Classification,0,GBM,0.905511811023622,0.9099118292031676,0.905511811023622,0.9033630434916944,0.9037878787878788,0.8968458102071206,0.8975752580073464,False
1,cancer_cell_cooh_0,Cancer Cell Metabolite (COOH),Classification,0,KNN,0.952755905511811,0.9631864198793332,0.952755905511811,0.9533084680204448,0.9537878787878789,0.948447331033083,0.9494110263345206,False
1,cancer_cell_cooh_0,Cancer Cell Metabolite (COOH),Classification,0,LR,0.9921259842519684,0.992841803865426,0.9921259842519684,0.9921259842519684,0.9924242424242424,0.9914055626987888,0.991472658364916,False
1,cancer_cell_cooh_0,Cancer Cell Metabolite (COOH),Classification,0,MITRA,1.0,1.0,1.0,1.0,1.0,1.0,1.0,False
1,cancer_cell_cooh_0,Cancer Cell Metabolite (COOH),Classification,0,NN_TORCH,0.984251968503937,0.9866747425802544,0.984251968503937,0.9841207349081365,0.9848484848484848,0.9828099621007038,0.9830761259409528,False
1,cancer_cell_cooh_0,Cancer Cell Metabolite (COOH),Classification,0,PLS,0.8582677165354331,0.8884030943500484,0.8582677165354331,0.8577067856779949,0.8591491841491843,0.8453838349678728,0.8492967617135665,False
1,cancer_cell_cooh_0,Cancer Cell Metabolite (COOH),Classification,0,RAMANFORMER,0.968503937007874,0.973753280839895,0.968503937007874,0.9678832012027204,0.9696969696969696,0.9656292286874154,0.9662176438741048,False
1,cancer_cell_cooh_0,Cancer Cell Metabolite (COOH),Classification,0,RAMANNET,0.9606299212598424,0.96962879640045,0.9606299212598424,0.9612022181437846,0.9613636363636364,0.9570365358592692,0.95787923255106,False
1,cancer_cell_cooh_0,Cancer Cell Metabolite (COOH),Classification,0,RAMANTRANSFORMER,0.0787401574803149,0.0062000124000247,0.0787401574803149,0.0114949135007759,0.0833333333333333,0.0,0.0,False
1,cancer_cell_cooh_0,Cancer Cell Metabolite (COOH),Classification,0,REALMLP,0.9763779527559056,0.9797184442853734,0.9763779527559056,0.9763063707945596,0.9772727272727272,0.9742201772785708,0.9745498938627112,False
1,cancer_cell_cooh_0,Cancer Cell Metabolite (COOH),Classification,0,REALTABPFN-V2,1.0,1.0,1.0,1.0,1.0,1.0,1.0,False
1,cancer_cell_cooh_0,Cancer Cell Metabolite (COOH),Classification,0,REALTABPFN-V2.5,1.0,1.0,1.0,1.0,1.0,1.0,1.0,False
1,cancer_cell_cooh_0,Cancer Cell Metabolite (COOH),Classification,0,REZERONET,0.984251968503937,0.9856836077308518,0.984251968503937,0.9842519685039368,0.9848484848484848,0.9828122885370144,0.9829453167298322,False
1,cancer_cell_cooh_0,Cancer Cell Metabolite (COOH),Classification,0,RF,0.84251968503937,0.8535823319287886,0.84251968503937,0.8416841818360447,0.8409090909090908,0.8280996210070385,0.8292227730504155,False
1,cancer_cell_cooh_0,Cancer Cell Metabolite (COOH),Classification,0,ROCKET,0.968503937007874,0.9705320925793366,0.968503937007874,0.9684318636371828,0.968181818181818,0.9656175972927242,0.9658137370058928,False
1,cancer_cell_cooh_0,Cancer Cell Metabolite (COOH),Classification,0,SANET,0.0787401574803149,0.0062000124000247,0.0787401574803149,0.0114949135007759,0.0833333333333333,0.0,0.0,False
1,cancer_cell_cooh_0,Cancer Cell Metabolite (COOH),Classification,0,TABDPT,0.984251968503937,0.985623956096397,0.984251968503937,0.9841961974432828,0.9833333333333334,0.982808798646362,0.982941873648798,False
1,cancer_cell_cooh_0,Cancer Cell Metabolite (COOH),Classification,0,TABICL,0.984251968503937,0.985623956096397,0.984251968503937,0.9842159318185916,0.984090909090909,0.9828099621007038,0.9829430169936306,False
1,cancer_cell_cooh_0,Cancer Cell Metabolite (COOH),Classification,0,TABM,0.9921259842519684,0.992841803865426,0.9921259842519684,0.9921259842519684,0.9924242424242424,0.9914055626987888,0.991472658364916,False
1,cancer_cell_cooh_0,Cancer Cell Metabolite (COOH),Classification,0,XGB,0.8582677165354331,0.8619678222040427,0.8582677165354331,0.8578443678175204,0.8537878787878789,0.8452687153106809,0.8456695550440181,False
1,cancer_cell_cooh_0,Cancer Cell Metabolite (COOH),Classification,0,XT,0.8110236220472441,0.8291623512095952,0.8110236220472441,0.8105638861369278,0.811013986013986,0.7938311688311688,0.7955541981722573,False
1,cancer_cell_nh2_0,Cancer Cell Metabolite (NH2),Classification,0,ARSENAL,0.9921259842519684,0.992841803865426,0.9921259842519684,0.9921062498766602,0.9916666666666668,0.99140381751726,0.9914709289620832,False
1,cancer_cell_nh2_0,Cancer Cell Metabolite (NH2),Classification,0,AUTOGLUON,1.0,1.0,1.0,1.0,1.0,1.0,1.0,False
1,cancer_cell_nh2_0,Cancer Cell Metabolite (NH2),Classification,0,CAT,0.968503937007874,0.97131949415414,0.968503937007874,0.9686322104473784,0.9666666666666668,0.9656013001083424,0.965863131333514,False
1,cancer_cell_nh2_0,Cancer Cell Metabolite (NH2),Classification,0,COATNET,0.7716535433070866,0.7847603839729824,0.7716535433070866,0.7713863712260081,0.7676379176379177,0.7507613182648711,0.7519834094241473,False
1,cancer_cell_nh2_0,Cancer Cell Metabolite (NH2),Classification,0,DEEPCNN,0.9921259842519684,0.992841803865426,0.9921259842519684,0.99210624987666,0.9916666666666668,0.99140381751726,0.9914709289620832,False
1,cancer_cell_nh2_0,Cancer Cell Metabolite (NH2),Classification,0,DUMMY,0.1023622047244094,0.0104780209560419,0.1023622047244094,0.0190101237345331,0.0833333333333333,0.0,0.0,False
1,cancer_cell_nh2_0,Cancer Cell Metabolite (NH2),Classification,0,FASTAI,0.968503937007874,0.9706513958482464,0.968503937007874,0.968378952630921,0.9666666666666668,0.9656152700690402,0.9658114070973812,False
1,cancer_cell_nh2_0,Cancer Cell Metabolite (NH2),Classification,0,FCRESNEXT,0.952755905511811,0.9617547806524184,0.952755905511811,0.9514435695538058,0.95,0.9484229051035604,0.9494517031336062,False
1,cancer_cell_nh2_0,Cancer Cell Metabolite (NH2),Classification,0,GBM,0.968503937007874,0.9711541739100794,0.968503937007874,0.967906566980424,0.9666666666666668,0.9656059580230196,0.965933128989433,False
1,cancer_cell_nh2_0,Cancer Cell Metabolite (NH2),Classification,0,KNN,0.9212598425196852,0.9288356000954426,0.9212598425196852,0.9195324263476844,0.9185897435897435,0.9140498105035192,0.9148549582843672,False
1,cancer_cell_nh2_0,Cancer Cell Metabolite (NH2),Classification,0,LR,0.9921259842519684,0.992841803865426,0.9921259842519684,0.9921062498766602,0.9916666666666668,0.99140381751726,0.9914709289620832,False
1,cancer_cell_nh2_0,Cancer Cell Metabolite (NH2),Classification,0,MITRA,0.9921259842519684,0.992841803865426,0.9921259842519684,0.9921062498766602,0.9916666666666668,0.99140381751726,0.9914709289620832,False
1,cancer_cell_nh2_0,Cancer Cell Metabolite (NH2),Classification,0,NN_TORCH,0.984251968503937,0.985623956096397,0.984251968503937,0.9841961974432828,0.9833333333333334,0.982806471265146,0.9829395639735652,False
1,cancer_cell_nh2_0,Cancer Cell Metabolite (NH2),Classification,0,PLS,0.889763779527559,0.8441499831032022,0.889763779527559,0.8625247601625554,0.8852564102564103,0.8796615905245346,0.8843422725716963,False
1,cancer_cell_nh2_0,Cancer Cell Metabolite (NH2),Classification,0,RAMANFORMER,0.984251968503937,0.9855302178136824,0.984251968503937,0.984170838294336,0.9833333333333334,0.9828041432536728,0.9829372897234812,False
1,cancer_cell_nh2_0,Cancer Cell Metabolite (NH2),Classification,0,RAMANNET,0.9921259842519684,0.992841803865426,0.9921259842519684,0.9921062498766602,0.9916666666666668,0.99140381751726,0.9914709289620832,False
1,cancer_cell_nh2_0,Cancer Cell Metabolite (NH2),Classification,0,RAMANTRANSFORMER,0.0787401574803149,0.0062000124000247,0.0787401574803149,0.0114949135007759,0.0833333333333333,0.0,0.0,False
1,cancer_cell_nh2_0,Cancer Cell Metabolite (NH2),Classification,0,REALMLP,0.984251968503937,0.9849677881173944,0.984251968503937,0.9842322341286286,0.9833333333333334,0.98280763503452,0.9828741645749608,False
1,cancer_cell_nh2_0,Cancer Cell Metabolite (NH2),Classification,0,REALTABPFN-V2,0.984251968503937,0.9855302178136824,0.984251968503937,0.984170838294336,0.9833333333333334,0.9828041432536728,0.9829372897234812,False
1,cancer_cell_nh2_0,Cancer Cell Metabolite (NH2),Classification,0,REALTABPFN-V2.5,0.9921259842519684,0.992841803865426,0.9921259842519684,0.9921062498766602,0.9916666666666668,0.99140381751726,0.9914709289620832,False
1,cancer_cell_nh2_0,Cancer Cell Metabolite (NH2),Classification,0,REZERONET,0.9921259842519684,0.992841803865426,0.9921259842519684,0.99210624987666,0.9916666666666668,0.99140381751726,0.9914709289620832,False
1,cancer_cell_nh2_0,Cancer Cell Metabolite (NH2),Classification,0,RF,0.9448818897637796,0.9513820824844448,0.9448818897637796,0.9437847357181036,0.9416666666666668,0.9397818871503082,0.9405475469430394,False
1,cancer_cell_nh2_0,Cancer Cell Metabolite (NH2),Classification,0,ROCKET,0.9921259842519684,0.992841803865426,0.9921259842519684,0.9921062498766602,0.9916666666666668,0.99140381751726,0.9914709289620832,False
1,cancer_cell_nh2_0,Cancer Cell Metabolite (NH2),Classification,0,SANET,0.0787401574803149,0.0062000124000247,0.0787401574803149,0.0114949135007759,0.0833333333333333,0.0,0.0,False
1,cancer_cell_nh2_0,Cancer Cell Metabolite (NH2),Classification,0,TABDPT,0.968503937007874,0.9690606855961188,0.968503937007874,0.9680500463757818,0.9666666666666668,0.9656152700690402,0.9657460148086644,False
1,cancer_cell_nh2_0,Cancer Cell Metabolite (NH2),Classification,0,TABICL,0.984251968503937,0.985623956096397,0.984251968503937,0.9841961974432828,0.9833333333333334,0.982806471265146,0.9829395639735652,False
1,cancer_cell_nh2_0,Cancer Cell Metabolite (NH2),Classification,0,TABM,0.984251968503937,0.9855302178136824,0.984251968503937,0.984170838294336,0.9833333333333334,0.9828041432536728,0.9829372897234812,False
1,cancer_cell_nh2_0,Cancer Cell Metabolite (NH2),Classification,0,XGB,0.9448818897637796,0.9490063742032244,0.9448818897637796,0.9439417672178624,0.9416666666666668,0.9397941216307734,0.9403679073016832,False
1,cancer_cell_nh2_0,Cancer Cell Metabolite (NH2),Classification,0,XT,0.9133858267716536,0.9333161434828874,0.9133858267716536,0.9141737247621718,0.9083333333333332,0.905365126676602,0.907336023545936,False
1,comfile_stroke_0,Stroke SERS Serum,Classification,0,ARSENAL,1.0,1.0,1.0,1.0,1.0,1.0,1.0,False
1,comfile_stroke_0,Stroke SERS Serum,Classification,0,AUTOGLUON,0.9975124378109452,0.9975247524752476,0.9975124378109452,0.9975124224179008,0.9975124378109452,0.9950248756218906,0.9950371902099892,False
1,comfile_stroke_0,Stroke SERS Serum,Classification,0,CAT,0.9888059701492538,0.9888089948825208,0.9888059701492538,0.988805952832159,0.9888059701492538,0.9776119402985076,0.9776149650270952,False
1,comfile_stroke_0,Stroke SERS Serum,Classification,0,COATNET,0.9850746268656716,0.9850866336633664,0.9850746268656716,0.985074534507404,0.9850746268656716,0.9701492537313432,0.9701612604547394,False
1,comfile_stroke_0,Stroke SERS Serum,Classification,0,DEEPCNN,0.996268656716418,0.9962962962962963,0.996268656716418,0.9962686047644904,0.9962686567164178,0.9925373134328358,0.9925649526278798,False
1,comfile_stroke_0,Stroke SERS Serum,Classification,0,DUMMY,0.5,0.25,0.5,0.3333333333333333,0.5,0.0,0.0,False
1,comfile_stroke_0,Stroke SERS Serum,Classification,0,FASTAI,0.9875621890547264,0.9875742574257426,0.9875621890547264,0.9875621120895034,0.9875621890547264,0.9751243781094528,0.9751364464057892,False
1,comfile_stroke_0,Stroke SERS Serum,Classification,0,FCRESNEXT,0.9975124378109452,0.9975124378109452,0.9975124378109452,0.9975124378109452,0.9975124378109452,0.9950248756218906,0.9950248756218906,False
1,comfile_stroke_0,Stroke SERS Serum,Classification,0,GBM,0.9800995024875622,0.9800995024875622,0.9800995024875622,0.9800995024875622,0.9800995024875622,0.9601990049751244,0.9601990049751244,False
1,comfile_stroke_0,Stroke SERS Serum,Classification,0,KNN,0.9539800995024876,0.9578587699316627,0.9539800995024876,0.9538824302725228,0.9539800995024876,0.9079601990049752,0.9118306200861274,False
1,comfile_stroke_0,Stroke SERS Serum,Classification,0,LR,0.9950248756218906,0.9950738916256155,0.9950248756218906,0.9950247524752476,0.9950248756218906,0.9900497512437813,0.9900987660342088,False
1,comfile_stroke_0,Stroke SERS Serum,Classification,0,MITRA,0.996268656716418,0.9962962962962963,0.996268656716418,0.9962686047644904,0.9962686567164178,0.9925373134328358,0.9925649526278798,False
1,comfile_stroke_0,Stroke SERS Serum,Classification,0,NN_TORCH,0.9888059701492538,0.9888815997128338,0.9888059701492538,0.988805537205809,0.9888059701492538,0.9776119402985076,0.9776875669369044,False
1,comfile_stroke_0,Stroke SERS Serum,Classification,0,PLS,0.9912935323383084,0.99129657246462,0.9912935323383084,0.9912935188694568,0.9912935323383084,0.9825870646766168,0.9825901047982254,False
1,comfile_stroke_0,Stroke SERS Serum,Classification,0,RAMANFORMER,0.996268656716418,0.9962962962962963,0.996268656716418,0.9962686047644904,0.9962686567164178,0.9925373134328358,0.9925649526278798,False
1,comfile_stroke_0,Stroke SERS Serum,Classification,0,RAMANNET,0.9950248756218906,0.9950738916256155,0.9950248756218906,0.9950247524752476,0.9950248756218906,0.9900497512437813,0.9900987660342088,False
1,comfile_stroke_0,Stroke SERS Serum,Classification,0,RAMANTRANSFORMER,0.5,0.25,0.5,0.3333333333333333,0.5,0.0,0.0,False
1,comfile_stroke_0,Stroke SERS Serum,Classification,0,REALMLP,0.986318407960199,0.9863454933630372,0.986318407960199,0.9863182174697984,0.986318407960199,0.972636815920398,0.9726639009461178,False
1,comfile_stroke_0,Stroke SERS Serum,Classification,0,REALTABPFN-V2,0.9950248756218906,0.9950738916256155,0.9950248756218906,0.9950247524752476,0.9950248756218906,0.9900497512437813,0.9900987660342088,False
1,comfile_stroke_0,Stroke SERS Serum,Classification,0,REALTABPFN-V2.5,0.9975124378109452,0.9975247524752476,0.9975124378109452,0.9975124224179008,0.9975124378109452,0.9950248756218906,0.9950371902099892,False
1,comfile_stroke_0,Stroke SERS Serum,Classification,0,REZERONET,0.9937810945273632,0.993857493857494,0.9937810945273632,0.9937808540032272,0.9937810945273632,0.9875621890547264,0.9876385854299008,False
1,comfile_stroke_0,Stroke SERS Serum,Classification,0,RF,0.9527363184079602,0.9540963257199604,0.9527363184079602,0.9527009035006782,0.9527363184079602,0.9054726368159204,0.9068316243030714,False
1,comfile_stroke_0,Stroke SERS Serum,Classification,0,ROCKET,0.996268656716418,0.9962962962962963,0.996268656716418,0.9962686047644904,0.9962686567164178,0.9925373134328358,0.9925649526278798,False
1,comfile_stroke_0,Stroke SERS Serum,Classification,0,SANET,0.996268656716418,0.9962962962962963,0.996268656716418,0.9962686047644904,0.9962686567164178,0.9925373134328358,0.9925649526278798,False
1,comfile_stroke_0,Stroke SERS Serum,Classification,0,TABDPT,0.9900497512437813,0.9900618811881188,0.9900497512437813,0.9900496896716028,0.9900497512437813,0.9800995024875622,0.9801116323568392,False
1,comfile_stroke_0,Stroke SERS Serum,Classification,0,TABICL,0.9987562189054726,0.9987593052109182,0.9987562189054726,0.9987562169813508,0.9987562189054726,0.9975124378109452,0.9975155241116164,False
1,comfile_stroke_0,Stroke SERS Serum,Classification,0,TABM,0.9900497512437813,0.9900618811881188,0.9900497512437813,0.9900496896716028,0.9900497512437813,0.9800995024875622,0.9801116323568392,False
1,comfile_stroke_0,Stroke SERS Serum,Classification,0,XGB,0.9738805970149254,0.9739539172788544,0.9738805970149254,0.973879586813554,0.9738805970149254,0.9477611940298508,0.9478345114579148,False
1,comfile_stroke_0,Stroke SERS Serum,Classification,0,XT,0.9502487562189056,0.95185930397198,0.9502487562189056,0.9502043849869938,0.9502487562189056,0.900497512437811,0.9021066225215828,False
1,covid19_salvia_0,Saliva COVID-19,Classification,0,ARSENAL,0.8842315369261478,0.8846668367881494,0.8842315369261478,0.8831778790276018,0.8791627772350664,0.8252234478942366,0.826318840718942,False
1,covid19_salvia_0,Saliva COVID-19,Classification,0,AUTOGLUON,0.9640718562874252,0.9640108555474656,0.9640718562874252,0.9640230933968644,0.962340171496798,0.945892757501395,0.9459098332884484,False
1,covid19_salvia_0,Saliva COVID-19,Classification,0,CAT,0.6606786427145709,0.662334596054671,0.6606786427145709,0.659431365728661,0.656110568399725,0.4871223571776976,0.4888046388849204,False
1,covid19_salvia_0,Saliva COVID-19,Classification,0,COATNET,0.8762475049900199,0.8759548572028875,0.8762475049900199,0.8756804696143373,0.8715590289084266,0.8134022166821855,0.8137704567650071,False
1,covid19_salvia_0,Saliva COVID-19,Classification,0,DEEPCNN,0.8762475049900199,0.8791273881919142,0.8762475049900199,0.8740918303073203,0.8686001664314918,0.8128220115818715,0.8157846081707462,False
1,covid19_salvia_0,Saliva COVID-19,Classification,0,DUMMY,0.3692614770459081,0.1363540384301257,0.3692614770459081,0.199164353508726,0.3333333333333333,0.0,0.0,False
1,covid19_salvia_0,Saliva COVID-19,Classification,0,FASTAI,0.5788423153692615,0.5834696377737623,0.5788423153692615,0.5783312531546089,0.5764144867759325,0.3627952115155095,0.3648006885903693,False
1,covid19_salvia_0,Saliva COVID-19,Classification,0,FCRESNEXT,0.6287425149700598,0.679472047091344,0.6287425149700598,0.6014880871467694,0.619500705524802,0.4382222972443437,0.4641736214277387,False
1,covid19_salvia_0,Saliva COVID-19,Classification,0,GBM,0.6806387225548902,0.6803703299962248,0.6806387225548902,0.6796763464762079,0.6757704692644452,0.5178432870384294,0.5185244799432855,False
1,covid19_salvia_0,Saliva COVID-19,Classification,0,KNN,0.6906187624750499,0.6956554757270615,0.6906187624750499,0.6920643351891745,0.6881428416368175,0.5350835179309106,0.5359145425711013,False
1,covid19_salvia_0,Saliva COVID-19,Classification,0,LR,0.7145708582834331,0.7128699074907034,0.7145708582834331,0.713317928531339,0.7101132457758963,0.569481584751008,0.5698016860846028,False
1,covid19_salvia_0,Saliva COVID-19,Classification,0,MITRA,0.8423153692614771,0.8420927341793186,0.8423153692614771,0.8421703349881264,0.8399052064112306,0.7624979747610219,0.7625300926723566,False
1,covid19_salvia_0,Saliva COVID-19,Classification,0,NN_TORCH,0.8143712574850299,0.8143697141719614,0.8143712574850299,0.8143369752283981,0.8136249502514562,0.7205683031269866,0.7205985575086495,False
1,covid19_salvia_0,Saliva COVID-19,Classification,0,PLS,0.7864271457085829,0.7856440183250087,0.7864271457085829,0.7833097211958038,0.7799674373168349,0.677324793990357,0.6794790629293294,False
1,covid19_salvia_0,Saliva COVID-19,Classification,0,RAMANFORMER,0.3313373253493014,0.1097844231696287,0.3313373253493014,0.1649235262608216,0.3333333333333333,0.0,0.0,False
1,covid19_salvia_0,Saliva COVID-19,Classification,0,RAMANNET,0.716566866267465,0.7130460154072021,0.716566866267465,0.7113862095464437,0.7089402655667717,0.5719468829535677,0.5746020403514704,False
1,covid19_salvia_0,Saliva COVID-19,Classification,0,RAMANTRANSFORMER,0.2994011976047904,0.0896410771271827,0.2994011976047904,0.1379729021220232,0.3333333333333333,0.0,0.0,False
1,covid19_salvia_0,Saliva COVID-19,Classification,0,REALMLP,0.6127744510978044,0.6184306339442057,0.6127744510978044,0.6059096972176077,0.6039748181916856,0.4116835243058708,0.4172930250700865,False
1,covid19_salvia_0,Saliva COVID-19,Classification,0,REALTABPFN-V2,0.9161676646706588,0.9164335850811984,0.9161676646706588,0.915926914258757,0.9134411519953688,0.8736360415327981,0.8739677930958561,False
1,covid19_salvia_0,Saliva COVID-19,Classification,0,REALTABPFN-V2.5,0.9600798403193612,0.9599121192775024,0.9600798403193612,0.9599181062875656,0.9574832663989292,0.9398555813660346,0.939929229686971,False
1,covid19_salvia_0,Saliva COVID-19,Classification,0,REZERONET,0.8982035928143712,0.8999832902012597,0.8982035928143712,0.8968786166308683,0.8917674300806832,0.8462607628296539,0.8481458459395805,False
1,covid19_salvia_0,Saliva COVID-19,Classification,0,RF,0.6387225548902196,0.641536515981175,0.6387225548902196,0.63709782171417,0.6346409059662071,0.4537289156626506,0.4560820054603066,False
1,covid19_salvia_0,Saliva COVID-19,Classification,0,ROCKET,0.874251497005988,0.8748170021346199,0.874251497005988,0.8739143581149421,0.8716292195810268,0.8103344670520509,0.8108632150432856,False
1,covid19_salvia_0,Saliva COVID-19,Classification,0,SANET,0.3313373253493014,0.1097844231696287,0.3313373253493014,0.1649235262608216,0.3333333333333333,0.0,0.0,False
1,covid19_salvia_0,Saliva COVID-19,Classification,0,TABDPT,0.934131736526946,0.9336319458931376,0.934131736526946,0.9338099663083248,0.9305141285864176,0.9007599222070156,0.9008305214130404,False
1,covid19_salvia_0,Saliva COVID-19,Classification,0,TABICL,0.9540918163672656,0.9540326572579692,0.9540918163672656,0.953911434035764,0.9520858207605196,0.9308235378870652,0.9309805376315764,False
1,covid19_salvia_0,Saliva COVID-19,Classification,0,TABM,0.6646706586826348,0.6643625536109687,0.6646706586826348,0.6630685837057729,0.6590556821882123,0.4931134785515119,0.4942334781618984,False
1,covid19_salvia_0,Saliva COVID-19,Classification,0,XGB,0.6646706586826348,0.6647952827340784,0.6646706586826348,0.6640067474887197,0.6609356344296103,0.4937049981051833,0.4942709006695998,False
1,covid19_salvia_0,Saliva COVID-19,Classification,0,XT,0.6187624750499002,0.6213120684847601,0.6187624750499002,0.6160667683212775,0.6126408336046891,0.4226961479291726,0.4257394478899604,False
1,diabetes_skin_ear_lobe_0,Diabetes Skin (Ear Lobe),Classification,0,ARSENAL,0.75,0.8333333333333333,0.75,0.7333333333333334,0.75,0.5,0.5773502691896258,False
1,diabetes_skin_ear_lobe_0,Diabetes Skin (Ear Lobe),Classification,0,AUTOGLUON,0.5,0.5,0.5,0.5,0.5,0.0,0.0,False
1,diabetes_skin_ear_lobe_0,Diabetes Skin (Ear Lobe),Classification,0,CAT,0.25,0.1666666666666666,0.25,0.2,0.25,-0.5,-0.5773502691896258,False
1,diabetes_skin_ear_lobe_0,Diabetes Skin (Ear Lobe),Classification,0,COATNET,0.5,0.25,0.5,0.3333333333333333,0.5,0.0,0.0,False
1,diabetes_skin_ear_lobe_0,Diabetes Skin (Ear Lobe),Classification,0,DEEPCNN,0.75,0.8333333333333333,0.75,0.7333333333333334,0.75,0.5,0.5773502691896258,False
1,diabetes_skin_ear_lobe_0,Diabetes Skin (Ear Lobe),Classification,0,DUMMY,0.5,0.25,0.5,0.3333333333333333,0.5,0.0,0.0,False
1,diabetes_skin_ear_lobe_0,Diabetes Skin (Ear Lobe),Classification,0,FASTAI,0.75,0.8333333333333333,0.75,0.7333333333333334,0.75,0.5,0.5773502691896258,False
1,diabetes_skin_ear_lobe_0,Diabetes Skin (Ear Lobe),Classification,0,FCRESNEXT,0.5,0.5,0.5,0.5,0.5,0.0,0.0,False
1,diabetes_skin_ear_lobe_0,Diabetes Skin (Ear Lobe),Classification,0,GBM,0.5,0.25,0.5,0.3333333333333333,0.5,0.0,0.0,False
1,diabetes_skin_ear_lobe_0,Diabetes Skin (Ear Lobe),Classification,0,KNN,0.5,0.25,0.5,0.3333333333333333,0.5,0.0,0.0,False
1,diabetes_skin_ear_lobe_0,Diabetes Skin (Ear Lobe),Classification,0,LR,0.25,0.1666666666666666,0.25,0.2,0.25,-0.5,-0.5773502691896258,False
1,diabetes_skin_ear_lobe_0,Diabetes Skin (Ear Lobe),Classification,0,MITRA,0.5,0.25,0.5,0.3333333333333333,0.5,0.0,0.0,False
1,diabetes_skin_ear_lobe_0,Diabetes Skin (Ear Lobe),Classification,0,NN_TORCH,0.5,0.5,0.5,0.5,0.5,0.0,0.0,False
1,diabetes_skin_ear_lobe_0,Diabetes Skin (Ear Lobe),Classification,0,PLS,0.25,0.1666666666666666,0.25,0.2,0.25,-0.5,-0.5773502691896258,False
1,diabetes_skin_ear_lobe_0,Diabetes Skin (Ear Lobe),Classification,0,RAMANFORMER,0.5,0.5,0.5,0.5,0.5,0.0,0.0,False
1,diabetes_skin_ear_lobe_0,Diabetes Skin (Ear Lobe),Classification,0,RAMANNET,0.75,0.8333333333333333,0.75,0.7333333333333334,0.75,0.5,0.5773502691896258,False
1,diabetes_skin_ear_lobe_0,Diabetes Skin (Ear Lobe),Classification,0,RAMANTRANSFORMER,0.5,0.25,0.5,0.3333333333333333,0.5,0.0,0.0,False
1,diabetes_skin_ear_lobe_0,Diabetes Skin (Ear Lobe),Classification,0,REALMLP,0.75,0.8333333333333333,0.75,0.7333333333333334,0.75,0.5,0.5773502691896258,False
1,diabetes_skin_ear_lobe_0,Diabetes Skin (Ear Lobe),Classification,0,REALTABPFN-V2,0.75,0.8333333333333333,0.75,0.7333333333333334,0.75,0.5,0.5773502691896258,False
1,diabetes_skin_ear_lobe_0,Diabetes Skin (Ear Lobe),Classification,0,REALTABPFN-V2.5,0.75,0.8333333333333333,0.75,0.7333333333333334,0.75,0.5,0.5773502691896258,False
1,diabetes_skin_ear_lobe_0,Diabetes Skin (Ear Lobe),Classification,0,REZERONET,0.5,0.5,0.5,0.5,0.5,0.0,0.0,False
1,diabetes_skin_ear_lobe_0,Diabetes Skin (Ear Lobe),Classification,0,RF,1.0,1.0,1.0,1.0,1.0,1.0,1.0,False
1,diabetes_skin_ear_lobe_0,Diabetes Skin (Ear Lobe),Classification,0,ROCKET,1.0,1.0,1.0,1.0,1.0,1.0,1.0,False
1,diabetes_skin_ear_lobe_0,Diabetes Skin (Ear Lobe),Classification,0,SANET,0.5,0.25,0.5,0.3333333333333333,0.5,0.0,0.0,False
1,diabetes_skin_ear_lobe_0,Diabetes Skin (Ear Lobe),Classification,0,TABDPT,0.5,0.25,0.5,0.3333333333333333,0.5,0.0,0.0,False
1,diabetes_skin_ear_lobe_0,Diabetes Skin (Ear Lobe),Classification,0,TABICL,0.75,0.8333333333333333,0.75,0.7333333333333334,0.75,0.5,0.5773502691896258,False
1,diabetes_skin_ear_lobe_0,Diabetes Skin (Ear Lobe),Classification,0,TABM,0.5,0.25,0.5,0.3333333333333333,0.5,0.0,0.0,False
1,diabetes_skin_ear_lobe_0,Diabetes Skin (Ear Lobe),Classification,0,XGB,0.5,0.25,0.5,0.3333333333333333,0.5,0.0,0.0,False
1,diabetes_skin_ear_lobe_0,Diabetes Skin (Ear Lobe),Classification,0,XT,1.0,1.0,1.0,1.0,1.0,1.0,1.0,False
1,diabetes_skin_inner_arm_0,Diabetes Skin (Inner Arm),Classification,0,ARSENAL,0.5,0.25,0.5,0.3333333333333333,0.5,0.0,0.0,False
1,diabetes_skin_inner_arm_0,Diabetes Skin (Inner Arm),Classification,0,AUTOGLUON,0.0,0.0,0.0,0.0,0.0,-1.0,-1.0,False
1,diabetes_skin_inner_arm_0,Diabetes Skin (Inner Arm),Classification,0,CAT,0.25,0.1666666666666666,0.25,0.2,0.25,-0.5,-0.5773502691896258,False
1,diabetes_skin_inner_arm_0,Diabetes Skin (Inner Arm),Classification,0,COATNET,0.75,0.8333333333333333,0.75,0.7333333333333334,0.75,0.5,0.5773502691896258,False
1,diabetes_skin_inner_arm_0,Diabetes Skin (Inner Arm),Classification,0,DEEPCNN,0.25,0.1666666666666666,0.25,0.2,0.25,-0.5,-0.5773502691896258,False
1,diabetes_skin_inner_arm_0,Diabetes Skin (Inner Arm),Classification,0,DUMMY,0.5,0.25,0.5,0.3333333333333333,0.5,0.0,0.0,False
1,diabetes_skin_inner_arm_0,Diabetes Skin (Inner Arm),Classification,0,FASTAI,0.5,0.25,0.5,0.3333333333333333,0.5,0.0,0.0,False
1,diabetes_skin_inner_arm_0,Diabetes Skin (Inner Arm),Classification,0,FCRESNEXT,0.75,0.8333333333333333,0.75,0.7333333333333334,0.75,0.5,0.5773502691896258,False
1,diabetes_skin_inner_arm_0,Diabetes Skin (Inner Arm),Classification,0,GBM,0.5,0.25,0.5,0.3333333333333333,0.5,0.0,0.0,False
1,diabetes_skin_inner_arm_0,Diabetes Skin (Inner Arm),Classification,0,KNN,0.5,0.5,0.5,0.5,0.5,0.0,0.0,False
1,diabetes_skin_inner_arm_0,Diabetes Skin (Inner Arm),Classification,0,LR,0.5,0.25,0.5,0.3333333333333333,0.5,0.0,0.0,False
1,diabetes_skin_inner_arm_0,Diabetes Skin (Inner Arm),Classification,0,MITRA,0.0,0.0,0.0,0.0,0.0,-1.0,-1.0,False
1,diabetes_skin_inner_arm_0,Diabetes Skin (Inner Arm),Classification,0,NN_TORCH,0.5,0.5,0.5,0.5,0.5,0.0,0.0,False
1,diabetes_skin_inner_arm_0,Diabetes Skin (Inner Arm),Classification,0,PLS,0.5,0.25,0.5,0.3333333333333333,0.5,0.0,0.0,False
1,diabetes_skin_inner_arm_0,Diabetes Skin (Inner Arm),Classification,0,RAMANFORMER,0.25,0.1666666666666666,0.25,0.2,0.25,-0.5,-0.5773502691896258,False
1,diabetes_skin_inner_arm_0,Diabetes Skin (Inner Arm),Classification,0,RAMANNET,0.25,0.1666666666666666,0.25,0.2,0.25,-0.5,-0.5773502691896258,False
1,diabetes_skin_inner_arm_0,Diabetes Skin (Inner Arm),Classification,0,RAMANTRANSFORMER,0.5,0.25,0.5,0.3333333333333333,0.5,0.0,0.0,False
1,diabetes_skin_inner_arm_0,Diabetes Skin (Inner Arm),Classification,0,REALMLP,0.0,0.0,0.0,0.0,0.0,-1.0,-1.0,False
1,diabetes_skin_inner_arm_0,Diabetes Skin (Inner Arm),Classification,0,REALTABPFN-V2,0.25,0.1666666666666666,0.25,0.2,0.25,-0.5,-0.5773502691896258,False
1,diabetes_skin_inner_arm_0,Diabetes Skin (Inner Arm),Classification,0,REALTABPFN-V2.5,0.25,0.1666666666666666,0.25,0.2,0.25,-0.5,-0.5773502691896258,False
1,diabetes_skin_inner_arm_0,Diabetes Skin (Inner Arm),Classification,0,REZERONET,0.25,0.1666666666666666,0.25,0.2,0.25,-0.5,-0.5773502691896258,False
1,diabetes_skin_inner_arm_0,Diabetes Skin (Inner Arm),Classification,0,RF,0.25,0.1666666666666666,0.25,0.2,0.25,-0.5,-0.5773502691896258,False
1,diabetes_skin_inner_arm_0,Diabetes Skin (Inner Arm),Classification,0,ROCKET,0.25,0.1666666666666666,0.25,0.2,0.25,-0.5,-0.5773502691896258,False
1,diabetes_skin_inner_arm_0,Diabetes Skin (Inner Arm),Classification,0,SANET,0.5,0.25,0.5,0.3333333333333333,0.5,0.0,0.0,False
1,diabetes_skin_inner_arm_0,Diabetes Skin (Inner Arm),Classification,0,TABDPT,0.25,0.1666666666666666,0.25,0.2,0.25,-0.5,-0.5773502691896258,False
1,diabetes_skin_inner_arm_0,Diabetes Skin (Inner Arm),Classification,0,TABICL,0.25,0.1666666666666666,0.25,0.2,0.25,-0.5,-0.5773502691896258,False
1,diabetes_skin_inner_arm_0,Diabetes Skin (Inner Arm),Classification,0,TABM,0.25,0.1666666666666666,0.25,0.2,0.25,-0.5,-0.5773502691896258,False
1,diabetes_skin_inner_arm_0,Diabetes Skin (Inner Arm),Classification,0,XGB,0.75,0.8333333333333333,0.75,0.7333333333333334,0.75,0.5,0.5773502691896258,False
1,diabetes_skin_inner_arm_0,Diabetes Skin (Inner Arm),Classification,0,XT,0.25,0.1666666666666666,0.25,0.2,0.25,-0.5,-0.5773502691896258,False
1,diabetes_skin_thumbnail_0,Diabetes Skin (Thumbnail),Classification,0,ARSENAL,0.0,0.0,0.0,0.0,0.0,-1.0,-1.0,False
1,diabetes_skin_thumbnail_0,Diabetes Skin (Thumbnail),Classification,0,AUTOGLUON,0.0,0.0,0.0,0.0,0.0,-1.0,-1.0,False
1,diabetes_skin_thumbnail_0,Diabetes Skin (Thumbnail),Classification,0,CAT,0.0,0.0,0.0,0.0,0.0,-1.0,-1.0,False
1,diabetes_skin_thumbnail_0,Diabetes Skin (Thumbnail),Classification,0,COATNET,0.25,0.1666666666666666,0.25,0.2,0.25,-0.5,-0.5773502691896258,False
1,diabetes_skin_thumbnail_0,Diabetes Skin (Thumbnail),Classification,0,DEEPCNN,0.0,0.0,0.0,0.0,0.0,-1.0,-1.0,False
1,diabetes_skin_thumbnail_0,Diabetes Skin (Thumbnail),Classification,0,DUMMY,0.5,0.25,0.5,0.3333333333333333,0.5,0.0,0.0,False
1,diabetes_skin_thumbnail_0,Diabetes Skin (Thumbnail),Classification,0,FASTAI,0.5,0.25,0.5,0.3333333333333333,0.5,0.0,0.0,False
1,diabetes_skin_thumbnail_0,Diabetes Skin (Thumbnail),Classification,0,FCRESNEXT,0.5,0.25,0.5,0.3333333333333333,0.5,0.0,0.0,False
1,diabetes_skin_thumbnail_0,Diabetes Skin (Thumbnail),Classification,0,GBM,0.5,0.25,0.5,0.3333333333333333,0.5,0.0,0.0,False
1,diabetes_skin_thumbnail_0,Diabetes Skin (Thumbnail),Classification,0,KNN,0.5,0.25,0.5,0.3333333333333333,0.5,0.0,0.0,False
1,diabetes_skin_thumbnail_0,Diabetes Skin (Thumbnail),Classification,0,LR,0.0,0.0,0.0,0.0,0.0,-1.0,-1.0,False
1,diabetes_skin_thumbnail_0,Diabetes Skin (Thumbnail),Classification,0,MITRA,0.0,0.0,0.0,0.0,0.0,-1.0,-1.0,False
1,diabetes_skin_thumbnail_0,Diabetes Skin (Thumbnail),Classification,0,NN_TORCH,0.25,0.1666666666666666,0.25,0.2,0.25,-0.5,-0.5773502691896258,False
1,diabetes_skin_thumbnail_0,Diabetes Skin (Thumbnail),Classification,0,PLS,0.0,0.0,0.0,0.0,0.0,-1.0,-1.0,False
1,diabetes_skin_thumbnail_0,Diabetes Skin (Thumbnail),Classification,0,RAMANFORMER,0.0,0.0,0.0,0.0,0.0,-1.0,-1.0,False
1,diabetes_skin_thumbnail_0,Diabetes Skin (Thumbnail),Classification,0,RAMANNET,0.5,0.25,0.5,0.3333333333333333,0.5,0.0,0.0,False
1,diabetes_skin_thumbnail_0,Diabetes Skin (Thumbnail),Classification,0,RAMANTRANSFORMER,0.5,0.25,0.5,0.3333333333333333,0.5,0.0,0.0,False
1,diabetes_skin_thumbnail_0,Diabetes Skin (Thumbnail),Classification,0,REALMLP,0.0,0.0,0.0,0.0,0.0,-1.0,-1.0,False
1,diabetes_skin_thumbnail_0,Diabetes Skin (Thumbnail),Classification,0,REALTABPFN-V2,0.0,0.0,0.0,0.0,0.0,-1.0,-1.0,False
1,diabetes_skin_thumbnail_0,Diabetes Skin (Thumbnail),Classification,0,REALTABPFN-V2.5,0.0,0.0,0.0,0.0,0.0,-1.0,-1.0,False
1,diabetes_skin_thumbnail_0,Diabetes Skin (Thumbnail),Classification,0,REZERONET,0.0,0.0,0.0,0.0,0.0,-1.0,-1.0,False
1,diabetes_skin_thumbnail_0,Diabetes Skin (Thumbnail),Classification,0,RF,0.0,0.0,0.0,0.0,0.0,-1.0,-1.0,False
1,diabetes_skin_thumbnail_0,Diabetes Skin (Thumbnail),Classification,0,ROCKET,0.0,0.0,0.0,0.0,0.0,-1.0,-1.0,False
1,diabetes_skin_thumbnail_0,Diabetes Skin (Thumbnail),Classification,0,SANET,0.5,0.25,0.5,0.3333333333333333,0.5,0.0,0.0,False
1,diabetes_skin_thumbnail_0,Diabetes Skin (Thumbnail),Classification,0,TABDPT,0.0,0.0,0.0,0.0,0.0,-1.0,-1.0,False
1,diabetes_skin_thumbnail_0,Diabetes Skin (Thumbnail),Classification,0,TABICL,0.0,0.0,0.0,0.0,0.0,-1.0,-1.0,False
1,diabetes_skin_thumbnail_0,Diabetes Skin (Thumbnail),Classification,0,TABM,0.0,0.0,0.0,0.0,0.0,-1.0,-1.0,False
1,diabetes_skin_thumbnail_0,Diabetes Skin (Thumbnail),Classification,0,XGB,0.0,0.0,0.0,0.0,0.0,-1.0,-1.0,False
1,diabetes_skin_thumbnail_0,Diabetes Skin (Thumbnail),Classification,0,XT,0.0,0.0,0.0,0.0,0.0,-1.0,-1.0,False
1,diabetes_skin_vein_0,Diabetes Skin (Vein),Classification,0,ARSENAL,0.25,0.1666666666666666,0.25,0.2,0.25,-0.5,-0.5773502691896258,False
1,diabetes_skin_vein_0,Diabetes Skin (Vein),Classification,0,AUTOGLUON,0.5,0.25,0.5,0.3333333333333333,0.5,0.0,0.0,False
1,diabetes_skin_vein_0,Diabetes Skin (Vein),Classification,0,CAT,0.25,0.1666666666666666,0.25,0.2,0.25,-0.5,-0.5773502691896258,False
1,diabetes_skin_vein_0,Diabetes Skin (Vein),Classification,0,COATNET,0.25,0.1666666666666666,0.25,0.2,0.25,-0.5,-0.5773502691896258,False
1,diabetes_skin_vein_0,Diabetes Skin (Vein),Classification,0,DEEPCNN,0.25,0.1666666666666666,0.25,0.2,0.25,-0.5,-0.5773502691896258,False
1,diabetes_skin_vein_0,Diabetes Skin (Vein),Classification,0,DUMMY,0.5,0.25,0.5,0.3333333333333333,0.5,0.0,0.0,False
1,diabetes_skin_vein_0,Diabetes Skin (Vein),Classification,0,FASTAI,0.75,0.8333333333333333,0.75,0.7333333333333334,0.75,0.5,0.5773502691896258,False
1,diabetes_skin_vein_0,Diabetes Skin (Vein),Classification,0,FCRESNEXT,0.25,0.1666666666666666,0.25,0.2,0.25,-0.5,-0.5773502691896258,False
1,diabetes_skin_vein_0,Diabetes Skin (Vein),Classification,0,GBM,0.5,0.25,0.5,0.3333333333333333,0.5,0.0,0.0,False
1,diabetes_skin_vein_0,Diabetes Skin (Vein),Classification,0,KNN,0.25,0.1666666666666666,0.25,0.2,0.25,-0.5,-0.5773502691896258,False
1,diabetes_skin_vein_0,Diabetes Skin (Vein),Classification,0,LR,0.25,0.1666666666666666,0.25,0.2,0.25,-0.5,-0.5773502691896258,False
1,diabetes_skin_vein_0,Diabetes Skin (Vein),Classification,0,MITRA,0.25,0.1666666666666666,0.25,0.2,0.25,-0.5,-0.5773502691896258,False
1,diabetes_skin_vein_0,Diabetes Skin (Vein),Classification,0,NN_TORCH,0.25,0.1666666666666666,0.25,0.2,0.25,-0.5,-0.5773502691896258,False
1,diabetes_skin_vein_0,Diabetes Skin (Vein),Classification,0,PLS,0.25,0.1666666666666666,0.25,0.2,0.25,-0.5,-0.5773502691896258,False
1,diabetes_skin_vein_0,Diabetes Skin (Vein),Classification,0,RAMANFORMER,0.25,0.1666666666666666,0.25,0.2,0.25,-0.5,-0.5773502691896258,False
1,diabetes_skin_vein_0,Diabetes Skin (Vein),Classification,0,RAMANNET,0.5,0.25,0.5,0.3333333333333333,0.5,0.0,0.0,False
1,diabetes_skin_vein_0,Diabetes Skin (Vein),Classification,0,RAMANTRANSFORMER,0.5,0.25,0.5,0.3333333333333333,0.5,0.0,0.0,False
1,diabetes_skin_vein_0,Diabetes Skin (Vein),Classification,0,REALMLP,0.25,0.1666666666666666,0.25,0.2,0.25,-0.5,-0.5773502691896258,False
1,diabetes_skin_vein_0,Diabetes Skin (Vein),Classification,0,REALTABPFN-V2,0.5,0.25,0.5,0.3333333333333333,0.5,0.0,0.0,False
1,diabetes_skin_vein_0,Diabetes Skin (Vein),Classification,0,REALTABPFN-V2.5,0.25,0.1666666666666666,0.25,0.2,0.25,-0.5,-0.5773502691896258,False
1,diabetes_skin_vein_0,Diabetes Skin (Vein),Classification,0,REZERONET,0.25,0.1666666666666666,0.25,0.2,0.25,-0.5,-0.5773502691896258,False
1,diabetes_skin_vein_0,Diabetes Skin (Vein),Classification,0,RF,0.25,0.1666666666666666,0.25,0.2,0.25,-0.5,-0.5773502691896258,False
1,diabetes_skin_vein_0,Diabetes Skin (Vein),Classification,0,ROCKET,0.25,0.1666666666666666,0.25,0.2,0.25,-0.5,-0.5773502691896258,False
1,diabetes_skin_vein_0,Diabetes Skin (Vein),Classification,0,SANET,0.5,0.25,0.5,0.3333333333333333,0.5,0.0,0.0,False
1,diabetes_skin_vein_0,Diabetes Skin (Vein),Classification,0,TABDPT,0.25,0.1666666666666666,0.25,0.2,0.25,-0.5,-0.5773502691896258,False
1,diabetes_skin_vein_0,Diabetes Skin (Vein),Classification,0,TABICL,0.25,0.1666666666666666,0.25,0.2,0.25,-0.5,-0.5773502691896258,False
1,diabetes_skin_vein_0,Diabetes Skin (Vein),Classification,0,TABM,0.25,0.1666666666666666,0.25,0.2,0.25,-0.5,-0.5773502691896258,False
1,diabetes_skin_vein_0,Diabetes Skin (Vein),Classification,0,XGB,0.25,0.1666666666666666,0.25,0.2,0.25,-0.5,-0.5773502691896258,False
1,diabetes_skin_vein_0,Diabetes Skin (Vein),Classification,0,XT,0.25,0.1666666666666666,0.25,0.2,0.25,-0.5,-0.5773502691896258,False
1,hair_dyes_sers_0,Hair Dyes SERS,Classification,0,ARSENAL,0.9970845481049564,0.997103728709529,0.9970845481049564,0.9970771092838024,0.9958333333333332,0.9957046072157588,0.9957177374531928,False
1,hair_dyes_sers_0,Hair Dyes SERS,Classification,0,AUTOGLUON,1.0,1.0,1.0,1.0,1.0,1.0,1.0,False
1,hair_dyes_sers_0,Hair Dyes SERS,Classification,0,CAT,0.9591836734693876,0.9590477740023272,0.9591836734693876,0.9588800779542922,0.9493848201532268,0.9397324230025854,0.939879696358718,False
1,hair_dyes_sers_0,Hair Dyes SERS,Classification,0,COATNET,0.9970845481049564,0.9971323423983176,0.9970845481049564,0.997071888207387,0.9916666666666668,0.9957078859774258,0.995720420795827,False
1,hair_dyes_sers_0,Hair Dyes SERS,Classification,0,DEEPCNN,1.0,1.0,1.0,1.0,1.0,1.0,1.0,False
1,hair_dyes_sers_0,Hair Dyes SERS,Classification,0,DUMMY,0.4402332361516035,0.1938053022125135,0.4402332361516035,0.269130439914543,0.25,0.0,0.0,False
1,hair_dyes_sers_0,Hair Dyes SERS,Classification,0,FASTAI,0.9825072886297376,0.9845897542690546,0.9825072886297376,0.9829452482513708,0.9892708739124788,0.974450334578952,0.9747781550941396,False
1,hair_dyes_sers_0,Hair Dyes SERS,Classification,0,FCRESNEXT,1.0,1.0,1.0,1.0,1.0,1.0,1.0,False
1,hair_dyes_sers_0,Hair Dyes SERS,Classification,0,GBM,0.9387755102040816,0.9395534250770032,0.9387755102040816,0.9378454515489404,0.9044718218413192,0.9087453916612824,0.9095906928340108,False
1,hair_dyes_sers_0,Hair Dyes SERS,Classification,0,KNN,0.9941690962099126,0.9942914484034407,0.9941690962099126,0.9941830114736484,0.9941777041942604,0.9914274646039264,0.9914527027890944,False
1,hair_dyes_sers_0,Hair Dyes SERS,Classification,0,LR,0.9912536443148688,0.9912536443148688,0.9912536443148688,0.9912536443148688,0.9917267238021036,0.98712848994296,0.98712848994296,False
1,hair_dyes_sers_0,Hair Dyes SERS,Classification,0,MITRA,0.9941690962099126,0.9941882768144852,0.9941690962099126,0.9941616573887586,0.9933823529411764,0.991409214431518,0.9914222880261212,False
1,hair_dyes_sers_0,Hair Dyes SERS,Classification,0,NN_TORCH,0.9970845481049564,0.9971785949402802,0.9970845481049564,0.9971036023082898,0.9983443708609272,0.995715980765628,0.9957295356723782,False
1,hair_dyes_sers_0,Hair Dyes SERS,Classification,0,PLS,0.9504373177842566,0.9561198025372016,0.9504373177842566,0.950988633268982,0.9685479158550838,0.9276443142899689,0.9300929965617818,False
1,hair_dyes_sers_0,Hair Dyes SERS,Classification,0,RAMANFORMER,0.5276967930029155,0.54744765438643,0.5276967930029155,0.4635310760223502,0.3630356447214647,0.2050871219707591,0.2563055053541622,False
1,hair_dyes_sers_0,Hair Dyes SERS,Classification,0,RAMANNET,1.0,1.0,1.0,1.0,1.0,1.0,1.0,False
1,hair_dyes_sers_0,Hair Dyes SERS,Classification,0,RAMANTRANSFORMER,0.1749271137026239,0.0305994951083307,0.1749271137026239,0.0520874780255952,0.25,0.0,0.0,False
1,hair_dyes_sers_0,Hair Dyes SERS,Classification,0,REALMLP,0.9970845481049564,0.9971128534631604,0.9970845481049564,0.9970794091653584,0.9958333333333332,0.9957072413706792,0.9957198473241338,False
1,hair_dyes_sers_0,Hair Dyes SERS,Classification,0,REALTABPFN-V2,0.9970845481049564,0.9971128534631604,0.9970845481049564,0.9970794091653584,0.9958333333333332,0.9957072413706792,0.9957198473241338,False
1,hair_dyes_sers_0,Hair Dyes SERS,Classification,0,REALTABPFN-V2.5,0.9970845481049564,0.9971128534631604,0.9970845481049564,0.9970794091653584,0.9958333333333332,0.9957072413706792,0.9957198473241338,False
1,hair_dyes_sers_0,Hair Dyes SERS,Classification,0,REZERONET,0.9970845481049564,0.997103728709529,0.9970845481049564,0.9970821781656832,0.9975490196078431,0.9957068652606548,0.9957195231026228,False
1,hair_dyes_sers_0,Hair Dyes SERS,Classification,0,RF,0.9533527696793004,0.9535702392845248,0.9533527696793004,0.9530435112924728,0.9452782106219972,0.9309590006164375,0.9312688775418542,False
1,hair_dyes_sers_0,Hair Dyes SERS,Classification,0,ROCKET,1.0,1.0,1.0,1.0,1.0,1.0,1.0,False
1,hair_dyes_sers_0,Hair Dyes SERS,Classification,0,SANET,0.9941690962099126,0.9942453171744888,0.9941690962099126,0.9941688461006092,0.9933823529411764,0.9914039396521478,0.9914428018279487,False
1,hair_dyes_sers_0,Hair Dyes SERS,Classification,0,TABDPT,0.9970845481049564,0.997103728709529,0.9970845481049564,0.9970771092838024,0.9958333333333332,0.9957046072157588,0.9957177374531928,False
1,hair_dyes_sers_0,Hair Dyes SERS,Classification,0,TABICL,0.9970845481049564,0.997103728709529,0.9970845481049564,0.9970771092838024,0.9958333333333332,0.9957046072157588,0.9957177374531928,False
1,hair_dyes_sers_0,Hair Dyes SERS,Classification,0,TABM,0.9708454810495628,0.9708598736045818,0.9708454810495628,0.9708340080681352,0.9668468380729776,0.9570724137067907,0.9570845305316956,False
1,hair_dyes_sers_0,Hair Dyes SERS,Classification,0,XGB,0.9387755102040816,0.940046734368601,0.9387755102040816,0.9382982201460338,0.9178272302298404,0.9089276908877116,0.9096551602114352,False
1,hair_dyes_sers_0,Hair Dyes SERS,Classification,0,XT,0.9591836734693876,0.959314376315932,0.9591836734693876,0.959146134075884,0.9544068952084144,0.939778527445792,0.9398407192445176,False
1,head_neck_cancer_0,Head & Neck Cancer,Classification,0,ARSENAL,0.5652173913043478,0.5904761904761905,0.5652173913043478,0.5737643998513563,0.5491071428571428,0.4117647058823529,0.4139159413629564,False
1,head_neck_cancer_0,Head & Neck Cancer,Classification,0,AUTOGLUON,0.6956521739130435,0.7347826086956522,0.6956521739130435,0.6680306905370844,0.625,0.5706666666666667,0.5854078464995963,False
1,head_neck_cancer_0,Head & Neck Cancer,Classification,0,CAT,0.5652173913043478,0.4710144927536231,0.5652173913043478,0.4957149908018127,0.4642857142857143,0.3698630136986301,0.397747564417433,False
1,head_neck_cancer_0,Head & Neck Cancer,Classification,0,COATNET,0.4782608695652174,0.4187290969899666,0.4782608695652174,0.4204384986993683,0.4330357142857143,0.2698412698412699,0.2956335460471073,False
1,head_neck_cancer_0,Head & Neck Cancer,Classification,0,DEEPCNN,0.5652173913043478,0.5797101449275361,0.5652173913043478,0.5545548654244307,0.5267857142857143,0.4041450777202073,0.4127504127506191,False
1,head_neck_cancer_0,Head & Neck Cancer,Classification,0,DUMMY,0.3478260869565217,0.1209829867674858,0.3478260869565217,0.1795231416549789,0.25,0.0,0.0,False
1,head_neck_cancer_0,Head & Neck Cancer,Classification,0,FASTAI,0.5652173913043478,0.5096618357487922,0.5652173913043478,0.5357203751065643,0.4866071428571428,0.389920424403183,0.3931887024944012,False
1,head_neck_cancer_0,Head & Neck Cancer,Classification,0,FCRESNEXT,0.4347826086956521,0.4337474120082816,0.4347826086956521,0.424317711274233,0.3928571428571428,0.2313624678663239,0.2368552277999584,False
1,head_neck_cancer_0,Head & Neck Cancer,Classification,0,GBM,0.5217391304347826,0.5579710144927535,0.5217391304347826,0.4941176470588236,0.4285714285714286,0.3180592991913746,0.3275352488671915,False
1,head_neck_cancer_0,Head & Neck Cancer,Classification,0,KNN,0.5652173913043478,0.5838509316770186,0.5652173913043478,0.5637261289435201,0.5491071428571428,0.4117647058823529,0.4181832288208269,False
1,head_neck_cancer_0,Head & Neck Cancer,Classification,0,LR,0.6521739130434783,0.6750658761528328,0.6521739130434783,0.6150593875994332,0.5535714285714286,0.5013550135501355,0.5165744034226406,False
1,head_neck_cancer_0,Head & Neck Cancer,Classification,0,MITRA,0.5217391304347826,0.472463768115942,0.5217391304347826,0.4831567409572525,0.4642857142857143,0.3394255874673628,0.3516031369564313,False
1,head_neck_cancer_0,Head & Neck Cancer,Classification,0,NN_TORCH,0.5652173913043478,0.5869565217391305,0.5652173913043478,0.5641213006941908,0.5535714285714286,0.3994778067885117,0.4070070287690266,False
1,head_neck_cancer_0,Head & Neck Cancer,Classification,0,PLS,0.7391304347826086,0.7565217391304347,0.7391304347826086,0.7294685990338164,0.6785714285714286,0.6329787234042552,0.6401180808315037,False
1,head_neck_cancer_0,Head & Neck Cancer,Classification,0,RAMANFORMER,0.4347826086956521,0.3933747412008281,0.4347826086956521,0.4035087719298245,0.3616071428571428,0.198391420911528,0.2111014023717827,False
1,head_neck_cancer_0,Head & Neck Cancer,Classification,0,RAMANNET,0.4782608695652174,0.3572037510656436,0.4782608695652174,0.3762939958592132,0.375,0.2375690607734807,0.3072682983803284,False
1,head_neck_cancer_0,Head & Neck Cancer,Classification,0,RAMANTRANSFORMER,0.0869565217391304,0.0183066361556064,0.0869565217391304,0.0302457466918714,0.125,-0.1472684085510689,-0.2566281441813522,False
1,head_neck_cancer_0,Head & Neck Cancer,Classification,0,REALMLP,0.5217391304347826,0.5342995169082126,0.5217391304347826,0.5150037160906726,0.5223214285714286,0.3512820512820513,0.3577035691298555,False
1,head_neck_cancer_0,Head & Neck Cancer,Classification,0,REALTABPFN-V2,0.6086956521739131,0.5129399585921325,0.6086956521739131,0.5430968726163234,0.53125,0.4450402144772117,0.4735517945096749,False
1,head_neck_cancer_0,Head & Neck Cancer,Classification,0,REALTABPFN-V2.5,0.5652173913043478,0.5942028985507246,0.5652173913043478,0.5726708074534161,0.5535714285714286,0.413265306122449,0.4175479625389258,False
1,head_neck_cancer_0,Head & Neck Cancer,Classification,0,REZERONET,0.5217391304347826,0.586128364389234,0.5217391304347826,0.5178743961352658,0.5401785714285714,0.3674999999999999,0.3838133187013778,False
1,head_neck_cancer_0,Head & Neck Cancer,Classification,0,RF,0.6086956521739131,0.5884057971014492,0.6086956521739131,0.5833637802947266,0.5267857142857143,0.4479999999999998,0.4569538468837068,False
1,head_neck_cancer_0,Head & Neck Cancer,Classification,0,ROCKET,0.5652173913043478,0.563768115942029,0.5652173913043478,0.5515527950310559,0.5178571428571428,0.3833780160857908,0.3889547625260123,False
1,head_neck_cancer_0,Head & Neck Cancer,Classification,0,SANET,0.1739130434782608,0.0302457466918714,0.1739130434782608,0.0515297906602254,0.25,0.0,0.0,False
1,head_neck_cancer_0,Head & Neck Cancer,Classification,0,TABDPT,0.6521739130434783,0.6811594202898551,0.6521739130434783,0.6442014933063527,0.6517857142857143,0.524547803617571,0.5385543817220987,False
1,head_neck_cancer_0,Head & Neck Cancer,Classification,0,TABICL,0.6521739130434783,0.7049689440993789,0.6521739130434783,0.6293833475419153,0.59375,0.5145118733509235,0.5288924508595969,False
1,head_neck_cancer_0,Head & Neck Cancer,Classification,0,TABM,0.5652173913043478,0.3839464882943144,0.5652173913043478,0.4531400966183575,0.4330357142857143,0.3575418994413407,0.4050957468334666,False
1,head_neck_cancer_0,Head & Neck Cancer,Classification,0,XGB,0.6086956521739131,0.5960144927536232,0.6086956521739131,0.5933503836317136,0.5535714285714286,0.4509283819628646,0.4547080232928449,False
1,head_neck_cancer_0,Head & Neck Cancer,Classification,0,XT,0.5652173913043478,0.5458937198067633,0.5652173913043478,0.5434021434660822,0.4910714285714286,0.3850267379679144,0.3905667329424716,False
1,microplastics_weathered_0,Weathered Microplastics,Classification,0,ARSENAL,1.0,1.0,1.0,1.0,1.0,1.0,1.0,False
1,microplastics_weathered_0,Weathered Microplastics,Classification,0,AUTOGLUON,1.0,1.0,1.0,1.0,1.0,1.0,1.0,False
1,microplastics_weathered_0,Weathered Microplastics,Classification,0,CAT,0.4375,0.4375,0.4375,0.435515873015873,0.386111111111111,0.0999999999999999,0.1006309210853255,False
1,microplastics_weathered_0,Weathered Microplastics,Classification,0,COATNET,0.9375,0.9444444444444444,0.9375,0.9358660130718954,0.9333333333333332,0.896774193548387,0.902902025421667,False
1,microplastics_weathered_0,Weathered Microplastics,Classification,0,DEEPCNN,0.9375,0.9444444444444444,0.9375,0.9358660130718954,0.9333333333333332,0.896774193548387,0.902902025421667,False
1,microplastics_weathered_0,Weathered Microplastics,Classification,0,DUMMY,0.5,0.25,0.5,0.3333333333333333,0.3333333333333333,0.0,0.0,False
1,microplastics_weathered_0,Weathered Microplastics,Classification,0,FASTAI,0.4375,0.6249999999999999,0.4375,0.4226270053475935,0.4611111111111111,0.1479289940828402,0.1969297725559487,False
1,microplastics_weathered_0,Weathered Microplastics,Classification,0,FCRESNEXT,0.75,0.6083333333333334,0.75,0.6717171717171717,0.6,0.5616438356164384,0.5955177161184799,False
1,microplastics_weathered_0,Weathered Microplastics,Classification,0,GBM,0.5,0.2666666666666666,0.5,0.3478260869565217,0.3333333333333333,0.0229007633587786,0.0435744670330595,False
1,microplastics_weathered_0,Weathered Microplastics,Classification,0,KNN,0.625,0.7857142857142857,0.625,0.5615530303030303,0.5111111111111111,0.2941176470588235,0.4178471564827348,False
1,microplastics_weathered_0,Weathered Microplastics,Classification,0,LR,1.0,1.0,1.0,1.0,1.0,1.0,1.0,False
1,microplastics_weathered_0,Weathered Microplastics,Classification,0,MITRA,0.875,0.9107142857142856,0.875,0.8770833333333334,0.8472222222222222,0.7987421383647799,0.8141694775588152,False
1,microplastics_weathered_0,Weathered Microplastics,Classification,0,NN_TORCH,0.375,0.4294871794871794,0.375,0.3207070707070707,0.35,0.0419161676646706,0.0630553869553037,False
1,microplastics_weathered_0,Weathered Microplastics,Classification,0,PLS,1.0,1.0,1.0,1.0,1.0,1.0,1.0,False
1,microplastics_weathered_0,Weathered Microplastics,Classification,0,RAMANFORMER,0.5625,0.4921875,0.5625,0.5192307692307693,0.45,0.2631578947368421,0.281271975231506,False
1,microplastics_weathered_0,Weathered Microplastics,Classification,0,RAMANNET,0.8125,0.8375,0.8125,0.7881944444444444,0.7111111111111111,0.6756756756756757,0.6977498959044451,False
1,microplastics_weathered_0,Weathered Microplastics,Classification,0,RAMANTRANSFORMER,0.5,0.25,0.5,0.3333333333333333,0.3333333333333333,0.0,0.0,False
1,microplastics_weathered_0,Weathered Microplastics,Classification,0,REALMLP,0.75,0.8611111111111112,0.75,0.7455357142857143,0.6944444444444443,0.6,0.6501344003973925,False
1,microplastics_weathered_0,Weathered Microplastics,Classification,0,REALTABPFN-V2,0.875,0.8923611111111112,0.875,0.8484291443850267,0.7777777777777777,0.7880794701986755,0.8058957671592678,False
1,microplastics_weathered_0,Weathered Microplastics,Classification,0,REALTABPFN-V2.5,0.9375,0.9479166666666669,0.9375,0.9382575757575756,0.9583333333333334,0.9006211180124224,0.906320809079297,False
1,microplastics_weathered_0,Weathered Microplastics,Classification,0,REZERONET,1.0,1.0,1.0,1.0,1.0,1.0,1.0,False
1,microplastics_weathered_0,Weathered Microplastics,Classification,0,RF,0.5625,0.44375,0.5625,0.496031746031746,0.5138888888888888,0.2727272727272727,0.2865175921355045,False
1,microplastics_weathered_0,Weathered Microplastics,Classification,0,ROCKET,0.75,0.7946428571428572,0.75,0.7583333333333333,0.7388888888888889,0.5974842767295597,0.6090244123471452,False
1,microplastics_weathered_0,Weathered Microplastics,Classification,0,SANET,0.5,0.25,0.5,0.3333333333333333,0.3333333333333333,0.0,0.0,False
1,microplastics_weathered_0,Weathered Microplastics,Classification,0,TABDPT,1.0,1.0,1.0,1.0,1.0,1.0,1.0,False
1,microplastics_weathered_0,Weathered Microplastics,Classification,0,TABICL,0.875,0.9107142857142856,0.875,0.8770833333333334,0.8472222222222222,0.7987421383647799,0.8141694775588152,False
1,microplastics_weathered_0,Weathered Microplastics,Classification,0,TABM,0.6875,0.7098214285714286,0.6875,0.6954545454545454,0.6722222222222222,0.5031055900621118,0.5062895554167107,False
1,microplastics_weathered_0,Weathered Microplastics,Classification,0,XGB,0.5,0.25,0.5,0.3333333333333333,0.3333333333333333,0.0,0.0,False
1,microplastics_weathered_0,Weathered Microplastics,Classification,0,XT,0.5,0.4270833333333333,0.5,0.4600840336134454,0.4722222222222221,0.1847133757961783,0.1883752427138729,False
1,mlrod_0,ML Raman Open Dataset (MLROD),Classification,0,ARSENAL,0.9849306116172682,0.9853380483014428,0.9849306116172682,0.9850504400737412,0.9846826611075166,0.9836966156665568,0.9837063165526236,False
1,mlrod_0,ML Raman Open Dataset (MLROD),Classification,0,AUTOGLUON,0.9694768000615076,0.9701059107664142,0.9694768000615076,0.9696749337238664,0.967316143328854,0.9669768882816224,0.966997038735514,False
1,mlrod_0,ML Raman Open Dataset (MLROD),Classification,0,CAT,0.9706685118978972,0.9726801952086042,0.9706685118978972,0.9713686269389348,0.9690822656347792,0.9682764322039776,0.968316603183386,False
1,mlrod_0,ML Raman Open Dataset (MLROD),Classification,0,COATNET,0.9771652635220852,0.978976835739769,0.9771652635220852,0.9776758667358112,0.9805964700311938,0.9753084755093174,0.9753635832877714,False
1,mlrod_0,ML Raman Open Dataset (MLROD),Classification,0,DEEPCNN,0.9617498942836274,0.9702376903739296,0.9617498942836274,0.9634868743663908,0.9713534615377938,0.9586878993616506,0.9591143140898992,False
1,mlrod_0,ML Raman Open Dataset (MLROD),Classification,0,DUMMY,0.1380463614346672,0.0190567979053507,0.1380463614346672,0.0334903718356904,0.0625,0.0,0.0,False
1,mlrod_0,ML Raman Open Dataset (MLROD),Classification,0,FASTAI,0.9658247799177334,0.9697333791992584,0.9658247799177334,0.9670325854704226,0.9696353073115918,0.963062133901055,0.963179358449854,False
1,mlrod_0,ML Raman Open Dataset (MLROD),Classification,0,FCRESNEXT,0.9572137008418868,0.9625823138271544,0.9572137008418868,0.9589284042520232,0.957728107969333,0.9537487993345584,0.9539094593367078,False
1,mlrod_0,ML Raman Open Dataset (MLROD),Classification,0,GBM,0.9807403990312537,0.9813876610410488,0.9807403990312537,0.9809933246325052,0.9782083770321616,0.979164428033976,0.9791723834191464,False
1,mlrod_0,ML Raman Open Dataset (MLROD),Classification,0,KNN,0.907507784569254,0.9102984065666228,0.907507784569254,0.9060241418514582,0.9053615521062084,0.8999609451898928,0.9004341947016544,False
1,mlrod_0,ML Raman Open Dataset (MLROD),Classification,0,LR,0.9657863376004304,0.9654313514101652,0.9657863376004304,0.9655362308262014,0.965262068521809,0.9629822580814416,0.9629927400212716,False
1,mlrod_0,ML Raman Open Dataset (MLROD),Classification,0,MITRA,0.9674393572444548,0.968522959331812,0.9674393572444548,0.9678487642906416,0.9654617612596628,0.964781223122878,0.9647980718889648,False
1,mlrod_0,ML Raman Open Dataset (MLROD),Classification,0,NN_TORCH,0.965671010648522,0.9687923278485698,0.965671010648522,0.9663265909667248,0.9656435190952828,0.9628893506229332,0.9630076002633968,False
1,mlrod_0,ML Raman Open Dataset (MLROD),Classification,0,PLS,0.728135932033983,0.6316866671694998,0.728135932033983,0.6532595424198048,0.62649412348129,0.7027571111731027,0.7090583298263414,False
1,mlrod_0,ML Raman Open Dataset (MLROD),Classification,0,RAMANFORMER,0.0404028754853342,0.0016323923474834,0.0404028754853342,0.0031380004533761,0.0625,0.0,0.0,False
1,mlrod_0,ML Raman Open Dataset (MLROD),Classification,0,RAMANNET,0.951332026294545,0.9695924206057166,0.951332026294545,0.9569415266078184,0.9616316097953256,0.947465703878424,0.9482637487687924,False
1,mlrod_0,ML Raman Open Dataset (MLROD),Classification,0,RAMANTRANSFORMER,0.9855456886941144,0.986044257368918,0.9855456886941144,0.985721499935294,0.9843214660339068,0.9843635284500952,0.9843710895030562,True
1,mlrod_0,ML Raman Open Dataset (MLROD),Classification,0,REALMLP,0.9045092838196288,0.9158560065423396,0.9045092838196288,0.9034601942858764,0.8951585541855953,0.8967895880038379,0.8977098676489299,False
1,mlrod_0,ML Raman Open Dataset (MLROD),Classification,0,REALTABPFN-V2,0.979241148656441,0.9795924113409498,0.979241148656441,0.9793000620883702,0.9761504674358856,0.977540535406588,0.9775579449898392,False
1,mlrod_0,ML Raman Open Dataset (MLROD),Classification,0,REALTABPFN-V2.5,0.9882366509053164,0.988793985828614,0.9882366509053164,0.9884163385952502,0.9877540797676868,0.9872750181827064,0.9872851869026475,False
1,mlrod_0,ML Raman Open Dataset (MLROD),Classification,0,REZERONET,0.9842002075885136,0.9850603973414104,0.9842002075885136,0.9843744213700936,0.9854021605626944,0.9829094250889312,0.98294706447643,False
1,mlrod_0,ML Raman Open Dataset (MLROD),Classification,0,RF,0.9855456886941144,0.986044257368918,0.9855456886941144,0.985721499935294,0.9843214660339068,0.9843635284500952,0.9843710895030562,False
1,mlrod_0,ML Raman Open Dataset (MLROD),Classification,0,ROCKET,0.989851228232038,0.990011639093118,0.989851228232038,0.9899048908270996,0.988535611970104,0.9890196383238828,0.9890225411183106,False
1,mlrod_0,ML Raman Open Dataset (MLROD),Classification,0,SANET,0.98708338138623,0.987354314135848,0.98708338138623,0.9871824310961652,0.9868073460897064,0.9860264702091988,0.9860310387411806,False
1,mlrod_0,ML Raman Open Dataset (MLROD),Classification,0,TABDPT,0.979279590973744,0.9800523478121348,0.979279590973744,0.9795080779664198,0.9777979744237364,0.977581886316448,0.9776064224445672,False
1,mlrod_0,ML Raman Open Dataset (MLROD),Classification,0,TABICL,0.9908507284819128,0.990879974002869,0.9908507284819128,0.9908614594738416,0.9892018278177382,0.990101041900766,0.9901014575538536,False
1,mlrod_0,ML Raman Open Dataset (MLROD),Classification,0,TABM,0.9883519778572252,0.988614310323701,0.9883519778572252,0.988452082524524,0.9866775845300964,0.9873982780395488,0.9874014023064482,False
1,mlrod_0,ML Raman Open Dataset (MLROD),Classification,0,XGB,0.9848921692999654,0.9854266234602987,0.9848921692999654,0.9850911990392394,0.9833060750709746,0.9836564382773364,0.9836633863397124,False
1,mlrod_0,ML Raman Open Dataset (MLROD),Classification,0,XT,0.9840848806366048,0.9848501481535902,0.9840848806366048,0.9843379685613052,0.9829900122649576,0.9827839959218908,0.982797779621841,False
1,parkinson_0,Saliva Parkinson,Classification,0,ARSENAL,0.8716216216216216,0.8721327710689412,0.8716216216216216,0.8703593703593703,0.8589015151515151,0.7294072363356428,0.7320848878832819,False
1,parkinson_0,Saliva Parkinson,Classification,0,AUTOGLUON,0.9324324324324323,0.93368915133621,0.9324324324324323,0.9326705811972976,0.9339015151515152,0.8609545283727922,0.8617045497524908,False
1,parkinson_0,Saliva Parkinson,Classification,0,CAT,0.706081081081081,0.708247194562984,0.706081081081081,0.706962682261159,0.6984848484848485,0.3943555973659454,0.3945947029811337,False
1,parkinson_0,Saliva Parkinson,Classification,0,COATNET,0.7668918918918919,0.7774523050145753,0.7668918918918919,0.7550378258115418,0.731060606060606,0.4886841578209493,0.5129315915508259,False
1,parkinson_0,Saliva Parkinson,Classification,0,DEEPCNN,0.8682432432432432,0.8696153146414926,0.8682432432432432,0.8665439281243097,0.8534090909090909,0.721159420289855,0.7253428532140108,False
1,parkinson_0,Saliva Parkinson,Classification,0,DUMMY,0.5945945945945946,0.3535427319211103,0.5945945945945946,0.4434264773247823,0.5,0.0,0.0,False
1,parkinson_0,Saliva Parkinson,Classification,0,FASTAI,0.7195945945945946,0.7163826042330715,0.7195945945945946,0.7165588858425743,0.7005681818181818,0.4081711312391598,0.4099361322616168,False
1,parkinson_0,Saliva Parkinson,Classification,0,FCRESNEXT,0.7533783783783784,0.7764053646406588,0.7533783783783784,0.7555277900105486,0.7660984848484849,0.5098893122845218,0.5228843218626136,False
1,parkinson_0,Saliva Parkinson,Classification,0,GBM,0.7432432432432432,0.7426050121727136,0.7432432432432432,0.7428897349136632,0.7323863636363637,0.4660083554880364,0.4660543737025144,False
1,parkinson_0,Saliva Parkinson,Classification,0,KNN,0.793918918918919,0.7943518045040887,0.793918918918919,0.7898395291983011,0.7723484848484848,0.5602961231248782,0.5668278831535525,False
1,parkinson_0,Saliva Parkinson,Classification,0,LR,0.8141891891891891,0.8157736684052473,0.8141891891891891,0.8147465232685487,0.8106060606060606,0.6171213546566321,0.6174955275658962,False
1,parkinson_0,Saliva Parkinson,Classification,0,MITRA,0.8445945945945946,0.845669187567162,0.8445945945945946,0.8449752748791755,0.8414772727272727,0.6793519216277317,0.679616150171071,False
1,parkinson_0,Saliva Parkinson,Classification,0,NN_TORCH,0.75,0.75,0.75,0.75,0.740719696969697,0.4814393939393939,0.4814393939393939,False
1,parkinson_0,Saliva Parkinson,Classification,0,PLS,0.8006756756756757,0.7994486661513105,0.8006756756756757,0.798908475764371,0.7859848484848485,0.5804343647895445,0.5822183982225779,False
1,parkinson_0,Saliva Parkinson,Classification,0,RAMANFORMER,0.5945945945945946,0.3535427319211103,0.5945945945945946,0.4434264773247823,0.5,0.0,0.0,False
1,parkinson_0,Saliva Parkinson,Classification,0,RAMANNET,0.722972972972973,0.743664259793292,0.722972972972973,0.6984258984258984,0.6742424242424242,0.3775133360689372,0.4204623216000906,False
1,parkinson_0,Saliva Parkinson,Classification,0,RAMANTRANSFORMER,0.5945945945945946,0.3535427319211103,0.5945945945945946,0.4434264773247823,0.5,0.0,0.0,False
1,parkinson_0,Saliva Parkinson,Classification,0,REALMLP,0.7567567567567568,0.7603693394391069,0.7567567567567568,0.7473960705511589,0.725189393939394,0.4716382387941292,0.487041548655191,False
1,parkinson_0,Saliva Parkinson,Classification,0,REALTABPFN-V2,0.8682432432432432,0.8696153146414926,0.8682432432432432,0.8665439281243097,0.8534090909090909,0.721159420289855,0.7253428532140108,False
1,parkinson_0,Saliva Parkinson,Classification,0,REALTABPFN-V2.5,0.9391891891891893,0.9391891891891893,0.9391891891891893,0.9391891891891893,0.9369318181818184,0.8738636363636364,0.8738636363636364,False
1,parkinson_0,Saliva Parkinson,Classification,0,REZERONET,0.8074324324324325,0.8090532637901059,0.8074324324324325,0.808010033205587,0.8035984848484848,0.6031984948259643,0.6035642260293486,False
1,parkinson_0,Saliva Parkinson,Classification,0,RF,0.7263513513513513,0.7247826736176485,0.7263513513513513,0.7253565025780294,0.7128787878787879,0.4285986653956148,0.4288655224871715,False
1,parkinson_0,Saliva Parkinson,Classification,0,ROCKET,0.8817567567567568,0.8815406150383662,0.8817567567567568,0.8811333599789851,0.8727272727272727,0.7524373924679794,0.7533613879807317,False
1,parkinson_0,Saliva Parkinson,Classification,0,SANET,0.8648648648648649,0.8652162801098972,0.8648648648648649,0.863536179325653,0.8518939393939393,0.7151655119322555,0.7177908821568009,False
1,parkinson_0,Saliva Parkinson,Classification,0,TABDPT,0.9121621621621622,0.9121621621621622,0.9121621621621622,0.9121621621621622,0.9089015151515152,0.8178030303030304,0.8178030303030303,False
1,parkinson_0,Saliva Parkinson,Classification,0,TABICL,0.9121621621621622,0.9135437958967372,0.9121621621621622,0.912471755556487,0.9128787878787878,0.8192408868846298,0.8199545693847359,False
1,parkinson_0,Saliva Parkinson,Classification,0,TABM,0.7533783783783784,0.7510562170248034,0.7533783783783784,0.7501976090531949,0.734280303030303,0.4780676328502415,0.4808408946547328,False
1,parkinson_0,Saliva Parkinson,Classification,0,XGB,0.7128378378378378,0.7132276077730623,0.7128378378378378,0.7130245470494433,0.7028409090909091,0.4051446945337621,0.405154616116095,False
1,parkinson_0,Saliva Parkinson,Classification,0,XT,0.75,0.7476359338061466,0.75,0.747541931752458,0.7327651515151515,0.4730561970746728,0.4747927848066244,False
1,pharmaceutical_ingredients_0,Pharmaceutical Ingredients,Classification,0,ARSENAL,0.9786324786324786,0.9794817006355468,0.9786324786324786,0.9778924778924778,0.976860119047619,0.9779375252733714,0.9780379421611604,False
1,pharmaceutical_ingredients_0,Pharmaceutical Ingredients,Classification,0,AUTOGLUON,0.9985754985754984,0.9986433319766652,0.9985754985754984,0.9985754985754984,0.9985119047619048,0.9985291930046576,0.998531285094115,False
1,pharmaceutical_ingredients_0,Pharmaceutical Ingredients,Classification,0,CAT,0.99002849002849,0.9904473581761912,0.99002849002849,0.9899880985866264,0.9898741883116884,0.9897043510326028,0.9897209401815804,False
1,pharmaceutical_ingredients_0,Pharmaceutical Ingredients,Classification,0,COATNET,0.99002849002849,0.9915683082349748,0.99002849002849,0.9899404707045278,0.9898214285714286,0.9897043726036582,0.9897603640929018,False
1,pharmaceutical_ingredients_0,Pharmaceutical Ingredients,Classification,0,DEEPCNN,0.9928774928774928,0.9929385429385428,0.9928774928774928,0.9928774928774928,0.9924107142857144,0.9926459650232876,0.9926480447863764,False
1,pharmaceutical_ingredients_0,Pharmaceutical Ingredients,Classification,0,DUMMY,0.0413105413105413,0.0017065608233699,0.0413105413105413,0.0032777173680046,0.03125,0.0,0.0,False
1,pharmaceutical_ingredients_0,Pharmaceutical Ingredients,Classification,0,FASTAI,0.9843304843304844,0.9868285657759344,0.9843304843304844,0.984491178271938,0.9847794913419914,0.9838195975224412,0.9839206381387412,False
1,pharmaceutical_ingredients_0,Pharmaceutical Ingredients,Classification,0,FCRESNEXT,0.9572649572649572,0.9734400215169446,0.9572649572649572,0.9597937093600816,0.9583103354978356,0.95586376868088,0.9565658998683422,False
1,pharmaceutical_ingredients_0,Pharmaceutical Ingredients,Classification,0,GBM,0.97008547008547,0.9719065109269568,0.97008547008547,0.9698803077907868,0.970166396103896,0.9691106585200272,0.9691919018494352,False
1,pharmaceutical_ingredients_0,Pharmaceutical Ingredients,Classification,0,KNN,0.98005698005698,0.9801251380198748,0.98005698005698,0.9800331958948536,0.9785714285714286,0.9794085726377896,0.9794126767635548,False
1,pharmaceutical_ingredients_0,Pharmaceutical Ingredients,Classification,0,LR,1.0,1.0,1.0,1.0,1.0,1.0,1.0,False
1,pharmaceutical_ingredients_0,Pharmaceutical Ingredients,Classification,0,MITRA,0.9743589743589745,0.9753234077229754,0.9743589743589745,0.9742442895179042,0.973095238095238,0.9735256959561528,0.9735664917761604,False
1,pharmaceutical_ingredients_0,Pharmaceutical Ingredients,Classification,0,NN_TORCH,0.9985754985754984,0.9986433319766652,0.9985754985754984,0.9985754985754984,0.9985119047619048,0.9985291930046576,0.998531285094115,False
1,pharmaceutical_ingredients_0,Pharmaceutical Ingredients,Classification,0,PLS,0.6168091168091168,0.5442840805585774,0.6168091168091168,0.5235371188320198,0.6081827004517222,0.604319757610807,0.6105986485479485,False
1,pharmaceutical_ingredients_0,Pharmaceutical Ingredients,Classification,0,RAMANFORMER,0.0313390313390313,0.0009821348852687,0.0313390313390313,0.0019045820150792,0.03125,0.0,0.0,False
1,pharmaceutical_ingredients_0,Pharmaceutical Ingredients,Classification,0,RAMANNET,0.9971509971509972,0.9974099974099976,0.9971509971509972,0.9971476054809388,0.9970238095238096,0.9970583921724736,0.9970667482477552,False
1,pharmaceutical_ingredients_0,Pharmaceutical Ingredients,Classification,0,RAMANTRANSFORMER,0.0313390313390313,0.0009821348852687,0.0313390313390313,0.0019045820150792,0.03125,0.0,0.0,False
1,pharmaceutical_ingredients_0,Pharmaceutical Ingredients,Classification,0,REALMLP,0.9957264957264956,0.9962839093273876,0.9957264957264956,0.9957112059079858,0.9955357142857144,0.99558759750341,0.9956063711548891,False
1,pharmaceutical_ingredients_0,Pharmaceutical Ingredients,Classification,0,REALTABPFN-V2,0.9957264957264956,0.9959238292571626,0.9957264957264956,0.9957262065573512,0.9956473214285716,0.99558759750341,0.9955938552823452,False
1,pharmaceutical_ingredients_0,Pharmaceutical Ingredients,Classification,0,REALTABPFN-V2.5,1.0,1.0,1.0,1.0,1.0,1.0,1.0,False
1,pharmaceutical_ingredients_0,Pharmaceutical Ingredients,Classification,0,REZERONET,1.0,1.0,1.0,1.0,1.0,1.0,1.0,False
1,pharmaceutical_ingredients_0,Pharmaceutical Ingredients,Classification,0,RF,0.9886039886039886,0.9895804008122848,0.9886039886039886,0.9886204220912722,0.9885044642857144,0.988233642647179,0.9882647012926038,False
1,pharmaceutical_ingredients_0,Pharmaceutical Ingredients,Classification,0,ROCKET,0.9971509971509972,0.9974099974099976,0.9971509971509972,0.9971476054809388,0.9970238095238096,0.9970583921724736,0.9970667482477552,False
1,pharmaceutical_ingredients_0,Pharmaceutical Ingredients,Classification,0,SANET,0.9943019943019944,0.9946704127863548,0.9943019943019944,0.994294594774099,0.9942857142857144,0.9941167227128446,0.9941292201927128,False
1,pharmaceutical_ingredients_0,Pharmaceutical Ingredients,Classification,0,TABDPT,0.9985754985754984,0.9986402486402486,0.9985754985754984,0.9985737997067754,0.9984375,0.9985291868414602,0.998531278948438,False
1,pharmaceutical_ingredients_0,Pharmaceutical Ingredients,Classification,0,TABICL,0.9985754985754984,0.9986433319766652,0.9985754985754984,0.9985754985754984,0.9985119047619048,0.9985291930046576,0.998531285094115,False
1,pharmaceutical_ingredients_0,Pharmaceutical Ingredients,Classification,0,TABM,0.9957264957264956,0.9960420685058364,0.9957264957264956,0.9957162720320616,0.9953869047619048,0.9955875605243804,0.9955979903653344,False
1,pharmaceutical_ingredients_0,Pharmaceutical Ingredients,Classification,0,XGB,0.9814814814814816,0.983428496427072,0.9814814814814816,0.9815154856934776,0.9813852813852816,0.9808796693016658,0.980943382659232,False
1,pharmaceutical_ingredients_0,Pharmaceutical Ingredients,Classification,0,XT,0.9886039886039886,0.9895194982151504,0.9886039886039886,0.9886881545275864,0.9883184523809524,0.9882334947316812,0.9882583419935425,False
1,rruff_mineral_raw_0,RRUFF Minerals (Raw),Classification,0,ARSENAL,0.9399141630901288,0.9523298589822194,0.9399141630901288,0.9371176748859154,0.9316455696202532,0.9389812753699096,0.9391922166845896,False
1,rruff_mineral_raw_0,RRUFF Minerals (Raw),Classification,0,AUTOGLUON,0.944206008583691,0.9580523196403024,0.944206008583691,0.9408075472453156,0.9369198312236288,0.9433471739049116,0.9435766728222262,False
1,rruff_mineral_raw_0,RRUFF Minerals (Raw),Classification,0,CAT,0.8240343347639485,0.8592513113972341,0.8240343347639485,0.8181889697163617,0.7927215189873417,0.8212120077855967,0.8220904070887259,False
1,rruff_mineral_raw_0,RRUFF Minerals (Raw),Classification,0,COATNET,0.1545064377682403,0.0734905196640852,0.1545064377682403,0.0875868356893882,0.1072784810126582,0.1360299653666615,0.1401675120868215,False
1,rruff_mineral_raw_0,RRUFF Minerals (Raw),Classification,0,DEEPCNN,0.8369098712446352,0.9212109736598502,0.8369098712446352,0.8532284834859942,0.8387130801687763,0.8341885463875052,0.8408066534563647,False
1,rruff_mineral_raw_0,RRUFF Minerals (Raw),Classification,0,DUMMY,0.0343347639484978,0.001178876015399,0.0343347639484978,0.0022794864032197,0.0126582278481012,0.0,0.0,False
1,rruff_mineral_raw_0,RRUFF Minerals (Raw),Classification,0,FASTAI,0.6909871244635193,0.7679870189803737,0.6909871244635193,0.6902432569814544,0.6876582278481013,0.6860425946026875,0.6920306751473981,False
1,rruff_mineral_raw_0,RRUFF Minerals (Raw),Classification,0,FCRESNEXT,0.7896995708154506,0.8481389453605401,0.7896995708154506,0.7939981376866002,0.790295358649789,0.786582174368177,0.7899250714625077,False
1,rruff_mineral_raw_0,RRUFF Minerals (Raw),Classification,0,GBM,0.5665236051502146,0.5958957351661215,0.5665236051502146,0.5478970882291415,0.5282700421940928,0.5588362109367677,0.5609608550981464,False
1,rruff_mineral_raw_0,RRUFF Minerals (Raw),Classification,0,KNN,0.8669527896995708,0.8755773554056816,0.8669527896995708,0.8588695043630666,0.8579113924050633,0.864912379135574,0.8652685071377877,False
1,rruff_mineral_raw_0,RRUFF Minerals (Raw),Classification,0,LR,0.927038626609442,0.9445330063355816,0.927038626609442,0.9224609915597042,0.9300632911392406,0.925922462643302,0.9262863422082064,False
1,rruff_mineral_raw_0,RRUFF Minerals (Raw),Classification,0,MITRA,0.9313304721030042,0.9443490701001428,0.9313304721030042,0.928527457282822,0.9217299578059072,0.9302799648407548,0.9304888224272068,False
1,rruff_mineral_raw_0,RRUFF Minerals (Raw),Classification,0,NN_TORCH,0.8884120171673819,0.9073676680972818,0.8884120171673819,0.886178771157312,0.8764767932489452,0.886717654318679,0.8869996563037812,False
1,rruff_mineral_raw_0,RRUFF Minerals (Raw),Classification,0,PLS,0.296137339055794,0.1812216568183065,0.296137339055794,0.1804460867526316,0.2026371308016877,0.2809318605220074,0.2885164544035485,False
1,rruff_mineral_raw_0,RRUFF Minerals (Raw),Classification,0,RAMANFORMER,0.0128755364806866,0.0001657794396654,0.0128755364806866,0.000327344147814,0.0126582278481012,0.0,0.0,False
1,rruff_mineral_raw_0,RRUFF Minerals (Raw),Classification,0,RAMANNET,0.7124463519313304,0.8415017743343924,0.7124463519313304,0.7306360751686373,0.7165611814345991,0.7076372762004645,0.716922210356769,False
1,rruff_mineral_raw_0,RRUFF Minerals (Raw),Classification,0,RAMANTRANSFORMER,0.0128755364806866,0.0001657794396654,0.0128755364806866,0.000327344147814,0.0126582278481012,0.0,0.0,False
1,rruff_mineral_raw_0,RRUFF Minerals (Raw),Classification,0,REALMLP,0.9184549356223176,0.937931739219293,0.9184549356223176,0.91558813146796,0.9074894514767932,0.9171718305642867,0.9175498780501148,False
1,rruff_mineral_raw_0,RRUFF Minerals (Raw),Classification,0,REALTABPFN-V2,0.8025751072961373,0.8802640135258161,0.8025751072961373,0.8062125088172152,0.7682489451476793,0.799404839886957,0.8034484674471891,False
1,rruff_mineral_raw_0,RRUFF Minerals (Raw),Classification,0,REALTABPFN-V2.5,0.9098712446351932,0.939617821377478,0.9098712446351932,0.9106732799865848,0.9018987341772152,0.9085044317289352,0.9089974614049128,False
1,rruff_mineral_raw_0,RRUFF Minerals (Raw),Classification,0,REZERONET,0.9141630901287554,0.9322918140514708,0.9141630901287554,0.9116750290344148,0.9032700421940928,0.9128042961660088,0.9134716857744116,False
1,rruff_mineral_raw_0,RRUFF Minerals (Raw),Classification,0,RF,0.8454935622317596,0.8624463519313305,0.8454935622317596,0.8329927106751142,0.8177215189873417,0.8430301102232536,0.843646683923872,False
1,rruff_mineral_raw_0,RRUFF Minerals (Raw),Classification,0,ROCKET,0.9227467811158798,0.9372130254104504,0.9227467811158798,0.9187970210944209,0.9021097046413504,0.9215312079030086,0.9217556492683404,False
1,rruff_mineral_raw_0,RRUFF Minerals (Raw),Classification,0,SANET,0.4549356223175965,0.5419698982467224,0.4549356223175965,0.448210802073463,0.4402953586497891,0.4454044531074294,0.4581014291772812,False
1,rruff_mineral_raw_0,RRUFF Minerals (Raw),Classification,0,TABDPT,0.9227467811158798,0.9475679542203148,0.9227467811158798,0.9224464138627227,0.9126582278481014,0.9215268032556834,0.9220449320296512,False
1,rruff_mineral_raw_0,RRUFF Minerals (Raw),Classification,0,TABICL,0.944206008583691,0.9562640506846516,0.944206008583691,0.941736518131368,0.939029535864979,0.9433514120067328,0.9435455580091818,False
1,rruff_mineral_raw_0,RRUFF Minerals (Raw),Classification,0,TABM,0.9184549356223176,0.9357653791130186,0.9184549356223176,0.9157240946940518,0.913818565400844,0.9172043614056744,0.917496148954137,False
1,rruff_mineral_raw_0,RRUFF Minerals (Raw),Classification,0,XGB,0.6566523605150214,0.7008890251379523,0.6566523605150214,0.653349630817442,0.614662447257384,0.65133461775874,0.6520915063084937,False
1,rruff_mineral_raw_0,RRUFF Minerals (Raw),Classification,0,XT,0.8497854077253219,0.8643521357040671,0.8497854077253219,0.836857753595951,0.8160337552742616,0.8473789605674396,0.8479670445198669,False
1,serum_alzheimer_disease_0,Alzheimer's SERS Serum,Classification,0,ARSENAL,0.945906432748538,0.9460881352286656,0.945906432748538,0.9458200933992128,0.949119649977065,0.9179002072932178,0.9180899838375433,False
1,serum_alzheimer_disease_0,Alzheimer's SERS Serum,Classification,0,AUTOGLUON,0.986842105263158,0.986853023877353,0.986842105263158,0.9868372612370426,0.9869799936487774,0.9799771669447616,0.9799867659541204,False
1,serum_alzheimer_disease_0,Alzheimer's SERS Serum,Classification,0,CAT,0.8991228070175439,0.8996764886939445,0.8991228070175439,0.899211244099954,0.9031967820472108,0.8468144772587853,0.8469997848153109,False
1,serum_alzheimer_disease_0,Alzheimer's SERS Serum,Classification,0,COATNET,0.8625730994152047,0.8630440153712825,0.8625730994152047,0.862736516531565,0.8631664373169613,0.7905967874311174,0.790669998297317,False
1,serum_alzheimer_disease_0,Alzheimer's SERS Serum,Classification,0,DEEPCNN,0.8508771929824561,0.858166718953972,0.8508771929824561,0.8491370005813822,0.8656187149359584,0.7761413843888071,0.7813256036144374,False
1,serum_alzheimer_disease_0,Alzheimer's SERS Serum,Classification,0,DUMMY,0.4122807017543859,0.1699753770390889,0.4122807017543859,0.2407104718317533,0.3333333333333333,0.0,0.0,False
1,serum_alzheimer_disease_0,Alzheimer's SERS Serum,Classification,0,FASTAI,0.8523391812865497,0.8527131479917858,0.8523391812865497,0.8524981231506317,0.8529868388553684,0.7753585016095991,0.7753811938115329,False
1,serum_alzheimer_disease_0,Alzheimer's SERS Serum,Classification,0,FCRESNEXT,0.9780701754385964,0.97870142569102,0.9780701754385964,0.97812688829785,0.9760770615010056,0.966540459628423,0.9668323417908872,False
1,serum_alzheimer_disease_0,Alzheimer's SERS Serum,Classification,0,GBM,0.8932748538011696,0.8938296422809905,0.8932748538011696,0.893282012977626,0.8970396245721745,0.8379341570998744,0.8381881589581134,False
1,serum_alzheimer_disease_0,Alzheimer's SERS Serum,Classification,0,KNN,0.8172514619883041,0.8305756423060721,0.8172514619883041,0.8191018408058699,0.8212836526586923,0.7223440011690779,0.726072390560526,False
1,serum_alzheimer_disease_0,Alzheimer's SERS Serum,Classification,0,LR,0.597953216374269,0.6017757757651616,0.597953216374269,0.5989943222583881,0.5972972019335944,0.3923535397586858,0.3929563973580524,False
1,serum_alzheimer_disease_0,Alzheimer's SERS Serum,Classification,0,MITRA,0.9429824561403508,0.944103565371267,0.9429824561403508,0.9428560031930682,0.948184608870541,0.9136212624584718,0.9143401298065692,False
1,serum_alzheimer_disease_0,Alzheimer's SERS Serum,Classification,0,NN_TORCH,0.8961988304093568,0.8961371863086968,0.8961988304093568,0.8959315482193966,0.896069298895593,0.8418754578754579,0.8420821232218023,False
1,serum_alzheimer_disease_0,Alzheimer's SERS Serum,Classification,0,PLS,0.6812865497076024,0.681274222775426,0.6812865497076024,0.6800790521572675,0.6722945555908401,0.5116573820261149,0.5126675348970929,False
1,serum_alzheimer_disease_0,Alzheimer's SERS Serum,Classification,0,RAMANFORMER,0.9619883040935672,0.9624965397521044,0.9619883040935672,0.9620006361856106,0.9606929889559296,0.942018779342723,0.942280841172019,False
1,serum_alzheimer_disease_0,Alzheimer's SERS Serum,Classification,0,RAMANNET,0.9502923976608189,0.9514592356806418,0.9502923976608189,0.9502175597632544,0.9479023323100808,0.924058073238112,0.9247580422087048,False
1,serum_alzheimer_disease_0,Alzheimer's SERS Serum,Classification,0,RAMANTRANSFORMER,0.4122807017543859,0.1699753770390889,0.4122807017543859,0.2407104718317533,0.3333333333333333,0.0,0.0,False
1,serum_alzheimer_disease_0,Alzheimer's SERS Serum,Classification,0,REALMLP,0.9415204678362572,0.94149022315582,0.9415204678362572,0.9414020658800204,0.944620867294732,0.91119679841089,0.9113075877476696,False
1,serum_alzheimer_disease_0,Alzheimer's SERS Serum,Classification,0,REALTABPFN-V2,0.9546783625730996,0.9549243925958096,0.9546783625730996,0.954677589403166,0.9543064817755196,0.93092327088281,0.931055533662014,False
1,serum_alzheimer_disease_0,Alzheimer's SERS Serum,Classification,0,REALTABPFN-V2.5,0.9736842105263158,0.9736620635747784,0.9736842105263158,0.9736695818678892,0.9744363289933312,0.959964881474978,0.9599680030226768,False
1,serum_alzheimer_disease_0,Alzheimer's SERS Serum,Classification,0,REZERONET,0.8961988304093568,0.8961139886230616,0.8961988304093568,0.8961535574793137,0.8984510073744753,0.8421252816056644,0.8421280477243109,False
1,serum_alzheimer_disease_0,Alzheimer's SERS Serum,Classification,0,RF,0.8640350877192983,0.8680221288442788,0.8640350877192983,0.8646425539230426,0.8605377368476765,0.791670351047838,0.793138779195915,False
1,serum_alzheimer_disease_0,Alzheimer's SERS Serum,Classification,0,ROCKET,0.9064327485380116,0.906165029465516,0.9064327485380116,0.906253060812952,0.9095832892276208,0.8578027246681869,0.8578477386745856,False
1,serum_alzheimer_disease_0,Alzheimer's SERS Serum,Classification,0,SANET,0.945906432748538,0.9459357827167444,0.945906432748538,0.945884614348112,0.9481669665855122,0.9177922001987956,0.9178314265722078,False
1,serum_alzheimer_disease_0,Alzheimer's SERS Serum,Classification,0,TABDPT,0.7222222222222222,0.730863528365797,0.7222222222222222,0.7206661105165265,0.7082495324794468,0.5709659209079835,0.576112853496561,False
1,serum_alzheimer_disease_0,Alzheimer's SERS Serum,Classification,0,TABICL,0.9883040935672516,0.9883261853290832,0.9883040935672516,0.988302827888331,0.9881620267457042,0.9821972358866246,0.9822101613360046,False
1,serum_alzheimer_disease_0,Alzheimer's SERS Serum,Classification,0,TABM,0.9152046783625732,0.9157969970929266,0.9152046783625732,0.914985108027586,0.920962563071169,0.8715056114269057,0.872044256297651,False
1,serum_alzheimer_disease_0,Alzheimer's SERS Serum,Classification,0,XGB,0.8918128654970761,0.8925358981966083,0.8918128654970761,0.8917688418086547,0.8963339331710243,0.8358866614141061,0.8362876882873753,False
1,serum_alzheimer_disease_0,Alzheimer's SERS Serum,Classification,0,XT,0.8450292397660819,0.8494704486322652,0.8450292397660819,0.8455036301481116,0.8404078896298648,0.7622967749550028,0.7641460542788653,False
1,serum_prostate_cancer_0,Prostate Cancer SERS Serum,Classification,0,ARSENAL,0.978579928599762,0.9787477115598108,0.978579928599762,0.9785124833682092,0.9797791123778502,0.9674241862268156,0.967581546319042,False
1,serum_prostate_cancer_0,Prostate Cancer SERS Serum,Classification,0,AUTOGLUON,0.9976199920666402,0.9976223957520248,0.9976199920666402,0.9976205074762948,0.9975400380021716,0.9963776636481328,0.9963783811936509,False
1,serum_prostate_cancer_0,Prostate Cancer SERS Serum,Classification,0,CAT,0.974613248710829,0.9745815136864812,0.974613248710829,0.9745805733671122,0.9742823697068403,0.9613692575486584,0.9613874488768792,False
1,serum_prostate_cancer_0,Prostate Cancer SERS Serum,Classification,0,COATNET,0.974613248710829,0.9746156504289988,0.974613248710829,0.974593453103584,0.9758742761491132,0.961391046074746,0.9614094441921258,False
1,serum_prostate_cancer_0,Prostate Cancer SERS Serum,Classification,0,DEEPCNN,0.9670765569218563,0.9672364838117272,0.9670765569218563,0.967069274878241,0.9685797819399204,0.9499688206258255,0.9500454168446244,False
1,serum_prostate_cancer_0,Prostate Cancer SERS Serum,Classification,0,DUMMY,0.3808012693375645,0.1450096067291003,0.3808012693375645,0.2100368966182487,0.3333333333333333,0.0,0.0,False
1,serum_prostate_cancer_0,Prostate Cancer SERS Serum,Classification,0,FASTAI,0.9936533121777072,0.9936517178167686,0.9936533121777072,0.993649012626163,0.9929526330076004,0.99033812490733,0.9903412534601232,False
1,serum_prostate_cancer_0,Prostate Cancer SERS Serum,Classification,0,FCRESNEXT,0.9912733042443476,0.9912826873850776,0.9912733042443476,0.9912689876920944,0.990969394679696,0.9867171075856328,0.9867272792861236,False
1,serum_prostate_cancer_0,Prostate Cancer SERS Serum,Classification,0,GBM,0.9646965489884968,0.9646661213297292,0.9646965489884968,0.964657743391316,0.9642248009410062,0.9462863514966728,0.9463110733520956,False
1,serum_prostate_cancer_0,Prostate Cancer SERS Serum,Classification,0,KNN,0.9575565251884172,0.9579442695906047,0.9575565251884172,0.9575472915600698,0.9599699149475208,0.935550808389407,0.9357300871398364,False
1,serum_prostate_cancer_0,Prostate Cancer SERS Serum,Classification,0,LR,0.8195160650535501,0.8201972653122879,0.8195160650535501,0.8198096460011948,0.8209000633369525,0.7253841564550543,0.7254315791453058,False
1,serum_prostate_cancer_0,Prostate Cancer SERS Serum,Classification,0,MITRA,0.9670765569218563,0.9670986375401784,0.9670765569218563,0.9670630463790052,0.9656165173724212,0.9498539905456332,0.949875024256272,False
1,serum_prostate_cancer_0,Prostate Cancer SERS Serum,Classification,0,NN_TORCH,0.9841332804442682,0.9841277625577078,0.9841332804442682,0.9841298554308836,0.9837484165761854,0.9758504143435702,0.9758511191134296,False
1,serum_prostate_cancer_0,Prostate Cancer SERS Serum,Classification,0,PLS,0.7762792542641809,0.7735066728607001,0.7762792542641809,0.7715257643074352,0.7824980772710822,0.6604760829064145,0.6635275251320454,False
1,serum_prostate_cancer_0,Prostate Cancer SERS Serum,Classification,0,RAMANFORMER,0.9900833002776676,0.990099985443827,0.9900833002776676,0.9900803678565692,0.9909546914585596,0.9849157568053812,0.9849260245538882,False
1,serum_prostate_cancer_0,Prostate Cancer SERS Serum,Classification,0,RAMANNET,0.9968266560888536,0.996829376715709,0.9968266560888536,0.9968252662340352,0.9969603917842924,0.9951710577605468,0.9951739234795772,False
1,serum_prostate_cancer_0,Prostate Cancer SERS Serum,Classification,0,RAMANTRANSFORMER,0.3808012693375645,0.1450096067291003,0.3808012693375645,0.2100368966182487,0.3333333333333333,0.0,0.0,False
1,serum_prostate_cancer_0,Prostate Cancer SERS Serum,Classification,0,REALMLP,0.9924633082110274,0.9924622942989876,0.9924633082110274,0.9924562885555236,0.9921846724574738,0.9885285182439884,0.9885358658697664,False
1,serum_prostate_cancer_0,Prostate Cancer SERS Serum,Classification,0,REALTABPFN-V2,0.9900833002776676,0.9901081346647346,0.9900833002776676,0.9900725591270328,0.9900278230184584,0.984905240115058,0.9849314435389904,False
1,serum_prostate_cancer_0,Prostate Cancer SERS Serum,Classification,0,REALTABPFN-V2.5,0.9972233240777468,0.997224424216409,0.9972233240777468,0.9972236121722918,0.9971781125588128,0.99577390145266,0.9957741421911048,False
1,serum_prostate_cancer_0,Prostate Cancer SERS Serum,Classification,0,REZERONET,0.9916699722332408,0.9916764227743448,0.9916699722332408,0.9916664874112868,0.9918227470141152,0.987325732108289,0.987332379817198,False
1,serum_prostate_cancer_0,Prostate Cancer SERS Serum,Classification,0,RF,0.9282030940103134,0.9284171658889496,0.9282030940103134,0.9278748948126444,0.9279553474484256,0.8906372981839552,0.8911157365104708,False
1,serum_prostate_cancer_0,Prostate Cancer SERS Serum,Classification,0,ROCKET,0.9841332804442682,0.9841555356430152,0.9841332804442682,0.9841166869480316,0.9845282528049224,0.9758516345885822,0.9758827184556134,False
1,serum_prostate_cancer_0,Prostate Cancer SERS Serum,Classification,0,SANET,0.996033320111067,0.9960340514242868,0.996033320111067,0.9960320353020976,0.9957598172276512,0.9939621408749172,0.9939638206885512,False
1,serum_prostate_cancer_0,Prostate Cancer SERS Serum,Classification,0,TABDPT,0.9083696945656484,0.9089988022026724,0.9083696945656484,0.908577251060818,0.9104206252262034,0.8606476076344927,0.8607595977771977,False
1,serum_prostate_cancer_0,Prostate Cancer SERS Serum,Classification,0,TABICL,0.9984133280444268,0.9984159066012344,0.9984133280444268,0.99841356773192,0.9982491856677524,0.9975849240247372,0.9975858888607484,False
1,serum_prostate_cancer_0,Prostate Cancer SERS Serum,Classification,0,TABM,0.9857199523998412,0.9857223638671208,0.9857199523998412,0.98571766020787,0.9848341929062612,0.978261187203237,0.9782642722262552,False
1,serum_prostate_cancer_0,Prostate Cancer SERS Serum,Classification,0,XGB,0.9563665212217374,0.9562786175365716,0.9563665212217374,0.956244359086332,0.9553384002895404,0.9335679094505523,0.9336545804111932,False
1,serum_prostate_cancer_0,Prostate Cancer SERS Serum,Classification,0,XT,0.9226497421658072,0.9229127986158326,0.9226497421658072,0.9223588198616572,0.924712721679334,0.8822551764178383,0.8827139956465844,False
1,wheat_lines_0,Mutant Wheat,Classification,0,ARSENAL,0.8909381763432765,0.8909874261797357,0.8909381763432765,0.8908242803256083,0.8908971977202322,0.8542200966624033,0.8543053058372349,False
1,wheat_lines_0,Mutant Wheat,Classification,0,AUTOGLUON,0.9189799567140304,0.9190694489752784,0.9189799567140304,0.9189386281771318,0.919409670688303,0.891733379938061,0.8917852572361942,False
1,wheat_lines_0,Mutant Wheat,Classification,0,CAT,0.9069351651453844,0.9069245011308048,0.9069351651453844,0.9068354906150584,0.9068533982497926,0.8755983898494015,0.875659169328669,False
1,wheat_lines_0,Mutant Wheat,Classification,0,COATNET,0.8642137950503435,0.8642856727020186,0.8642137950503435,0.8641290541797776,0.8640269898865021,0.8184576654494715,0.8185376071707733,False
1,wheat_lines_0,Mutant Wheat,Classification,0,DEEPCNN,0.8800225839841912,0.8798768561810402,0.8800225839841912,0.879376812035297,0.8793607515483494,0.8395403382865326,0.8399064841544158,False
1,wheat_lines_0,Mutant Wheat,Classification,0,DUMMY,0.2851228004140397,0.0812950113159443,0.2851228004140397,0.1265171099442835,0.25,0.0,0.0,False
1,wheat_lines_0,Mutant Wheat,Classification,0,FASTAI,0.9187917568457702,0.9188910732403786,0.9187917568457702,0.9187595224035316,0.9191630467968748,0.8914729338063425,0.8915225193881755,False
1,wheat_lines_0,Mutant Wheat,Classification,0,FCRESNEXT,0.893761174367178,0.8938126565596639,0.893761174367178,0.8932365863697377,0.8928028696537691,0.8578870242942949,0.8582571269865902,False
1,wheat_lines_0,Mutant Wheat,Classification,0,GBM,0.8894325773971958,0.8896115160826576,0.8894325773971958,0.8893816676976547,0.8894153321650282,0.8521954233311828,0.85228265939792,False
1,wheat_lines_0,Mutant Wheat,Classification,0,KNN,0.7847934506445845,0.8048872574638944,0.7847934506445845,0.78401225876869,0.7892935485801365,0.7133128298416302,0.7199972093628826,False
1,wheat_lines_0,Mutant Wheat,Classification,0,LR,0.826573821398325,0.8260200928879277,0.826573821398325,0.8260946612890906,0.8274890031195001,0.7682160433004763,0.7683359017291195,False
1,wheat_lines_0,Mutant Wheat,Classification,0,MITRA,0.8278912204761457,0.8283119713281125,0.8278912204761457,0.8266796298742789,0.8265994389211084,0.7696144567434134,0.7705532755918038,False
1,wheat_lines_0,Mutant Wheat,Classification,0,NN_TORCH,0.9050531664627834,0.9061832869252484,0.9050531664627834,0.905107158118801,0.9065677823042256,0.8732173110729903,0.8735431594591823,False
1,wheat_lines_0,Mutant Wheat,Classification,0,PLS,0.7155358991248706,0.7193735643350649,0.7155358991248706,0.7121711228586088,0.7122656605002045,0.6189282076675859,0.6219043197932487,False
1,wheat_lines_0,Mutant Wheat,Classification,0,RAMANFORMER,0.887738778582855,0.8874869642092552,0.887738778582855,0.8871768520763097,0.887392050432855,0.8498663749133206,0.8501525292033827,False
1,wheat_lines_0,Mutant Wheat,Classification,0,RAMANNET,0.9043944669238732,0.9052976824519164,0.9043944669238732,0.9044250230611052,0.9057901491839476,0.8723373241566248,0.8726084911915467,False
1,wheat_lines_0,Mutant Wheat,Classification,0,RAMANTRANSFORMER,0.2851228004140397,0.0812950113159443,0.2851228004140397,0.1265171099442835,0.25,0.0,0.0,False
1,wheat_lines_0,Mutant Wheat,Classification,0,REALMLP,0.8942316740378282,0.8951507479675981,0.8942316740378282,0.8943664468458871,0.8952739017879388,0.8587220038645581,0.8589206750287403,False
1,wheat_lines_0,Mutant Wheat,Classification,0,REALTABPFN-V2,0.8744706878705185,0.8771513816960311,0.8744706878705185,0.8746894792217084,0.8776265085860309,0.8325459112593206,0.8333161359003485,False
1,wheat_lines_0,Mutant Wheat,Classification,0,REALTABPFN-V2.5,0.9189799567140304,0.9190499655010228,0.9189799567140304,0.9189344095381468,0.9194743874930656,0.8917321001267394,0.8917806333261563,False
1,wheat_lines_0,Mutant Wheat,Classification,0,REZERONET,0.9096640632351556,0.9099610339925568,0.9096640632351556,0.9095842344399876,0.9098151284159012,0.8792583454949766,0.8793964746833041,False
1,wheat_lines_0,Mutant Wheat,Classification,0,RF,0.8597910981462313,0.8598297256317669,0.8597910981462313,0.8594499486457167,0.8588184121566912,0.8124573019069051,0.8127049960359066,False
1,wheat_lines_0,Mutant Wheat,Classification,0,ROCKET,0.8983720711395502,0.8983449424846818,0.8983720711395502,0.8983206234826238,0.898728330312782,0.8641879327862113,0.8642107729237474,False
1,wheat_lines_0,Mutant Wheat,Classification,0,SANET,0.8964900724569492,0.8967412563964272,0.8964900724569492,0.8961372345009557,0.8969831365357569,0.861707224006141,0.8620073896603831,False
1,wheat_lines_0,Mutant Wheat,Classification,0,TABDPT,0.8711771901759668,0.8715064527661329,0.8711771901759668,0.870958649599152,0.8702796262809401,0.827715851269105,0.8279629412030445,False
1,wheat_lines_0,Mutant Wheat,Classification,0,TABICL,0.8985602710078103,0.8989914579093159,0.8985602710078103,0.8986610255002385,0.8999476162924929,0.8645081095447676,0.8645842902602273,False
1,wheat_lines_0,Mutant Wheat,Classification,0,TABM,0.916345158558389,0.9169958636964536,0.916345158558389,0.916451019379227,0.9173434432558872,0.8882520659947788,0.8883891809884205,False
1,wheat_lines_0,Mutant Wheat,Classification,0,XGB,0.9012891690975816,0.90136421274885,0.9012891690975816,0.9011756287247848,0.9012214862234038,0.8680341851566638,0.8681322613618333,False
1,wheat_lines_0,Mutant Wheat,Classification,0,XT,0.8561212007151595,0.8560983106778904,0.8561212007151595,0.8554669406810054,0.8549347386648338,0.8074961825768409,0.8079346819943318,False
2,alzheimer_0,Saliva Alzheimer,Classification,0,ARSENAL,0.9523809523809524,0.9526086390840488,0.9523809523809524,0.9512270819569952,0.9125,0.8627450980392157,0.8660549806497256,False
2,alzheimer_0,Saliva Alzheimer,Classification,0,AUTOGLUON,0.974025974025974,0.97416744475568,0.974025974025974,0.973681819558436,0.9517045454545454,0.9265734265734266,0.9276855556685566,False
2,alzheimer_0,Saliva Alzheimer,Classification,0,CAT,0.8398268398268398,0.8328129371607633,0.8398268398268398,0.8346870302384413,0.7511363636363636,0.5322095123419628,0.5356887129479102,False
2,alzheimer_0,Saliva Alzheimer,Classification,0,COATNET,0.8917748917748918,0.892482993197279,0.8917748917748918,0.8921082254415589,0.8539772727272728,0.7035573122529644,0.7036067793874643,False
2,alzheimer_0,Saliva Alzheimer,Classification,0,DEEPCNN,0.9523809523809524,0.9526086390840488,0.9523809523809524,0.9512270819569952,0.9125,0.8627450980392157,0.8660549806497256,False
2,alzheimer_0,Saliva Alzheimer,Classification,0,DUMMY,0.7619047619047619,0.5804988662131518,0.7619047619047619,0.658944658944659,0.5,0.0,0.0,False
2,alzheimer_0,Saliva Alzheimer,Classification,0,FASTAI,0.7662337662337663,0.8211180124223604,0.7662337662337663,0.6690710767065448,0.509090909090909,0.0274442538593481,0.1179535649239177,False
2,alzheimer_0,Saliva Alzheimer,Classification,0,FCRESNEXT,0.935064935064935,0.9340962904498816,0.935064935064935,0.9339735894357742,0.8948863636363636,0.81524926686217,0.8167996095799414,False
2,alzheimer_0,Saliva Alzheimer,Classification,0,GBM,0.8441558441558441,0.8370029015190307,0.8441558441558441,0.8385161799526442,0.7539772727272727,0.5418181818181818,0.5462605034545409,False
2,alzheimer_0,Saliva Alzheimer,Classification,0,KNN,0.8961038961038961,0.8961038961038961,0.8961038961038961,0.8961038961038961,0.8568181818181818,0.7136363636363636,0.7136363636363636,False
2,alzheimer_0,Saliva Alzheimer,Classification,0,LR,0.9437229437229436,0.943484907624252,0.9437229437229436,0.9423592786764488,0.9005681818181819,0.8377896613190731,0.8410038035234939,False
2,alzheimer_0,Saliva Alzheimer,Classification,0,MITRA,0.948051948051948,0.9475756382688756,0.948051948051948,0.9477176934804052,0.9221590909090908,0.8550057537399309,0.8552555168790221,False
2,alzheimer_0,Saliva Alzheimer,Classification,0,NN_TORCH,0.7619047619047619,0.5804988662131518,0.7619047619047619,0.658944658944659,0.5,0.0,0.0,False
2,alzheimer_0,Saliva Alzheimer,Classification,0,PLS,0.935064935064935,0.9343611761644548,0.935064935064935,0.9334914753959024,0.8886363636363637,0.8128342245989305,0.8159526263972622,False
2,alzheimer_0,Saliva Alzheimer,Classification,0,RAMANFORMER,0.7532467532467533,0.578914535246413,0.7532467532467533,0.654673721340388,0.4943181818181818,-0.0169923534409515,-0.0522422974410716,False
2,alzheimer_0,Saliva Alzheimer,Classification,0,RAMANNET,0.8181818181818182,0.8222442899702085,0.8181818181818182,0.7823906380607412,0.6369318181818182,0.3533724340175953,0.4245485071877097,False
2,alzheimer_0,Saliva Alzheimer,Classification,0,RAMANTRANSFORMER,0.238095238095238,0.0566893424036281,0.238095238095238,0.0915750915750915,0.5,0.0,0.0,False
2,alzheimer_0,Saliva Alzheimer,Classification,0,REALMLP,0.8658008658008658,0.8780663780663781,0.8658008658008658,0.8697363242817788,0.8494318181818182,0.6539074960127591,0.6588949551965556,False
2,alzheimer_0,Saliva Alzheimer,Classification,0,REALTABPFN-V2,0.961038961038961,0.9607250291607832,0.961038961038961,0.9606574023580738,0.936931818181818,0.8905616676317314,0.8911548170975109,False
2,alzheimer_0,Saliva Alzheimer,Classification,0,REALTABPFN-V2.5,0.9783549783549784,0.9783954406859436,0.9783549783549784,0.978143001310041,0.9607954545454545,0.939200926462073,0.939826471607388,False
2,alzheimer_0,Saliva Alzheimer,Classification,0,REZERONET,0.922077922077922,0.9212574578273116,0.922077922077922,0.921576540220608,0.8863636363636365,0.7825086306098964,0.7827372159861845,False
2,alzheimer_0,Saliva Alzheimer,Classification,0,RF,0.8354978354978355,0.8260529372211015,0.8354978354978355,0.8266491022638562,0.7295454545454545,0.5031133250311333,0.5117615378575213,False
2,alzheimer_0,Saliva Alzheimer,Classification,0,ROCKET,0.9437229437229436,0.9430546176356231,0.9437229437229436,0.9431718034061064,0.9130681818181818,0.8419224088013897,0.8424831625876338,False
2,alzheimer_0,Saliva Alzheimer,Classification,0,SANET,0.7619047619047619,0.5804988662131518,0.7619047619047619,0.658944658944659,0.5,0.0,0.0,False
2,alzheimer_0,Saliva Alzheimer,Classification,0,TABDPT,0.9523809523809524,0.9521268645562432,0.9523809523809524,0.9522299654586476,0.93125,0.8679245283018868,0.8679870971122184,False
2,alzheimer_0,Saliva Alzheimer,Classification,0,TABICL,0.974025974025974,0.97416744475568,0.974025974025974,0.973681819558436,0.9517045454545454,0.9265734265734266,0.9276855556685566,False
2,alzheimer_0,Saliva Alzheimer,Classification,0,TABM,0.8181818181818182,0.8408450704225352,0.8181818181818182,0.8253968253968254,0.7994318181818182,0.5444214876033058,0.5528107197779439,False
2,alzheimer_0,Saliva Alzheimer,Classification,0,XGB,0.8268398268398268,0.8162357112292928,0.8268398268398268,0.8175253708040593,0.7176136363636363,0.4769613947696139,0.485160071780769,False
2,alzheimer_0,Saliva Alzheimer,Classification,0,XT,0.8354978354978355,0.8276156340672469,0.8354978354978355,0.8295448566166798,0.7420454545454545,0.5163636363636364,0.5205972583258042,False
2,bacteria_identification_0,Pathogenic Bacteria,Classification,0,ARSENAL,0.8152229299363057,0.8190674760203317,0.8152229299363057,0.8118955525417134,0.8164941972920694,0.8077895825200722,0.8081617896664456,False
2,bacteria_identification_0,Pathogenic Bacteria,Classification,0,AUTOGLUON,0.9048407643312102,0.9057646421220148,0.9048407643312102,0.904494675719962,0.9045889748549322,0.901086514193422,0.9011585948325606,False
2,bacteria_identification_0,Pathogenic Bacteria,Classification,0,CAT,0.7994904458598726,0.8030065514414345,0.7994904458598726,0.799706788537136,0.8034235976789168,0.7915222994149382,0.7916611845611948,False
2,bacteria_identification_0,Pathogenic Bacteria,Classification,0,COATNET,0.8585987261146497,0.8588198421295482,0.8585987261146497,0.8585416824494556,0.8584139264990328,0.8530641152924363,0.8530764719868525,False
2,bacteria_identification_0,Pathogenic Bacteria,Classification,0,DEEPCNN,0.9214012738853504,0.922585923968673,0.9214012738853504,0.9212072364398104,0.9258172147001936,0.918332746697804,0.918388910673078,False
2,bacteria_identification_0,Pathogenic Bacteria,Classification,0,DUMMY,0.0598726114649681,0.003584729603635,0.0598726114649681,0.006764453699167,0.0333333333333333,0.0,0.0,False
2,bacteria_identification_0,Pathogenic Bacteria,Classification,0,FASTAI,0.9311464968152866,0.931869300107372,0.9311464968152866,0.9313054909501254,0.9333784655061252,0.928464458152528,0.928480716241234,False
2,bacteria_identification_0,Pathogenic Bacteria,Classification,0,FCRESNEXT,0.913375796178344,0.9151023714759664,0.913375796178344,0.9124262709205168,0.9116376531270148,0.9099580827717662,0.9100782766529828,False
2,bacteria_identification_0,Pathogenic Bacteria,Classification,0,GBM,0.6247133757961784,0.644417052600214,0.6247133757961784,0.6268908040669275,0.6214958091553836,0.6088178827270652,0.6098079052511509,False
2,bacteria_identification_0,Pathogenic Bacteria,Classification,0,KNN,0.3088535031847134,0.3706772026844063,0.3088535031847134,0.2609715227373855,0.2970712443584784,0.2835876819303861,0.3076002801992071,False
2,bacteria_identification_0,Pathogenic Bacteria,Classification,0,LR,0.7572611464968153,0.75732601630189,0.7572611464968153,0.75710594965337,0.7745132172791747,0.7478063131983697,0.7478230673039611,False
2,bacteria_identification_0,Pathogenic Bacteria,Classification,0,MITRA,0.716751592356688,0.7214802070674058,0.716751592356688,0.7153719839606052,0.71682140554481,0.705304633930663,0.7056240843134902,False
2,bacteria_identification_0,Pathogenic Bacteria,Classification,0,NN_TORCH,0.9063057324840764,0.9090194887158296,0.9063057324840764,0.9069767094582284,0.9075805931656996,0.902650946736583,0.9027026585514544,False
2,bacteria_identification_0,Pathogenic Bacteria,Classification,0,PLS,0.4703821656050955,0.5024130678451914,0.4703821656050955,0.4074101324656859,0.4733156028368794,0.4474241160809146,0.4515763980185152,False
2,bacteria_identification_0,Pathogenic Bacteria,Classification,0,RAMANFORMER,0.94,0.9407622160132392,0.94,0.9399567691748189,0.9414909735654418,0.9376629616984686,0.9376970040898372,False
2,bacteria_identification_0,Pathogenic Bacteria,Classification,0,RAMANNET,0.947515923566879,0.9480945215916292,0.947515923566879,0.9476758498947696,0.9488990973565442,0.9454718651211802,0.9454812920984376,False
2,bacteria_identification_0,Pathogenic Bacteria,Classification,0,RAMANTRANSFORMER,0.8405732484076434,0.8571725707482915,0.8405732484076434,0.8391024825401748,0.847290457769181,0.8344391898296872,0.8350663752920475,False
2,bacteria_identification_0,Pathogenic Bacteria,Classification,0,REALMLP,0.8975159235668789,0.9019655604492752,0.8975159235668789,0.898180254118798,0.8995438426821406,0.8935097400270638,0.8936329176492123,False
2,bacteria_identification_0,Pathogenic Bacteria,Classification,0,REALTABPFN-V2,0.8906369426751592,0.8923728849380169,0.8906369426751592,0.8902756561416723,0.8912008381689233,0.8863374176736969,0.886444923599139,False
2,bacteria_identification_0,Pathogenic Bacteria,Classification,0,REALTABPFN-V2.5,0.8975796178343949,0.9006942470660412,0.8975796178343949,0.8974411972293832,0.8975644745325597,0.8935653801642962,0.893704461971582,False
2,bacteria_identification_0,Pathogenic Bacteria,Classification,0,REZERONET,0.9035668789808916,0.9046531879803976,0.9035668789808916,0.9038326588565772,0.9047662798194712,0.8997826568148999,0.8998058232776952,False
2,bacteria_identification_0,Pathogenic Bacteria,Classification,0,RF,0.6294267515923567,0.6749970043500819,0.6294267515923567,0.6136073739840996,0.6041731141199225,0.6126621194420356,0.6172315350694489,False
2,bacteria_identification_0,Pathogenic Bacteria,Classification,0,ROCKET,0.8552229299363058,0.8579733519894455,0.8552229299363058,0.853760296327178,0.8575822050290135,0.8494578159506097,0.8496627168687036,False
2,bacteria_identification_0,Pathogenic Bacteria,Classification,0,SANET,0.9418471337579618,0.9422150690868812,0.9418471337579618,0.94191347811426,0.942841715022566,0.9395778403043428,0.9395876903982578,False
2,bacteria_identification_0,Pathogenic Bacteria,Classification,0,TABDPT,0.8712101910828025,0.8741454866083148,0.8712101910828025,0.8708581706096353,0.8723259187620889,0.8661280086027854,0.8662827908435731,False
2,bacteria_identification_0,Pathogenic Bacteria,Classification,0,TABICL,0.9019745222929936,0.9031567685065836,0.9019745222929936,0.9021278119395236,0.9022275950999356,0.8981434876632984,0.8981811087019975,False
2,bacteria_identification_0,Pathogenic Bacteria,Classification,0,TABM,0.9329936305732484,0.9333932515138088,0.9329936305732484,0.9330128995207576,0.9338426821405544,0.9303700424742573,0.9303830656221992,False
2,bacteria_identification_0,Pathogenic Bacteria,Classification,0,XGB,0.8418471337579618,0.8463596951144311,0.8418471337579618,0.8423350448005172,0.8411492585428756,0.8355178160798296,0.835698800187934,False
2,bacteria_identification_0,Pathogenic Bacteria,Classification,0,XT,0.5776433121019108,0.6500633332737125,0.5776433121019108,0.5543888525956997,0.548223726627982,0.5577915637497373,0.5647982708163184,False
2,cancer_cell_(cooh)2_0,Cancer Cell Metabolite ((COOH)2),Classification,0,ARSENAL,0.992063492063492,0.9927849927849928,0.992063492063492,0.9920436010661574,0.9916666666666668,0.9913366336633664,0.9914048019036852,False
2,cancer_cell_(cooh)2_0,Cancer Cell Metabolite ((COOH)2),Classification,0,AUTOGLUON,1.0,1.0,1.0,1.0,1.0,1.0,1.0,False
2,cancer_cell_(cooh)2_0,Cancer Cell Metabolite ((COOH)2),Classification,0,CAT,0.9761904761904762,0.9782948532948532,0.9761904761904762,0.9761342625023566,0.975757575757576,0.974009900990099,0.9742108728071538,False
2,cancer_cell_(cooh)2_0,Cancer Cell Metabolite ((COOH)2),Classification,0,COATNET,0.6666666666666666,0.6660167433976958,0.6666666666666666,0.6614882966595581,0.6629370629370629,0.6362136522994433,0.6370899936073043,False
2,cancer_cell_(cooh)2_0,Cancer Cell Metabolite ((COOH)2),Classification,0,DEEPCNN,1.0,1.0,1.0,1.0,1.0,1.0,1.0,False
2,cancer_cell_(cooh)2_0,Cancer Cell Metabolite ((COOH)2),Classification,0,DUMMY,0.1031746031746031,0.0106449987402368,0.1031746031746031,0.0192988466369761,0.0833333333333333,0.0,0.0,False
2,cancer_cell_(cooh)2_0,Cancer Cell Metabolite ((COOH)2),Classification,0,FASTAI,0.9285714285714286,0.9387556887556888,0.9285714285714286,0.929319940166622,0.92995337995338,0.9220672118754724,0.9228918106111076,False
2,cancer_cell_(cooh)2_0,Cancer Cell Metabolite ((COOH)2),Classification,0,FCRESNEXT,0.9603174603174603,0.9624819624819624,0.9603174603174603,0.9603278036360744,0.961013986013986,0.9566950783612868,0.9568924051491376,False
2,cancer_cell_(cooh)2_0,Cancer Cell Metabolite ((COOH)2),Classification,0,GBM,0.984126984126984,0.9855699855699857,0.984126984126984,0.9841572184429328,0.986013986013986,0.9826780313445148,0.9828131537970398,False
2,cancer_cell_(cooh)2_0,Cancer Cell Metabolite ((COOH)2),Classification,0,KNN,0.9761904761904762,0.9782948532948532,0.9761904761904762,0.976114371505022,0.975,0.9740081138692154,0.974209115269328,False
2,cancer_cell_(cooh)2_0,Cancer Cell Metabolite ((COOH)2),Classification,0,LR,1.0,1.0,1.0,1.0,1.0,1.0,1.0,False
2,cancer_cell_(cooh)2_0,Cancer Cell Metabolite ((COOH)2),Classification,0,MITRA,1.0,1.0,1.0,1.0,1.0,1.0,1.0,False
2,cancer_cell_(cooh)2_0,Cancer Cell Metabolite ((COOH)2),Classification,0,NN_TORCH,0.992063492063492,0.9927849927849928,0.992063492063492,0.992063492063492,0.9924242424242424,0.9913372292884152,0.991405390539054,False
2,cancer_cell_(cooh)2_0,Cancer Cell Metabolite ((COOH)2),Classification,0,PLS,0.8968253968253969,0.8470701411877882,0.8968253968253969,0.8667282041885216,0.8935897435897436,0.8873994638069705,0.8921952745217666,False
2,cancer_cell_(cooh)2_0,Cancer Cell Metabolite ((COOH)2),Classification,0,RAMANFORMER,1.0,1.0,1.0,1.0,1.0,1.0,1.0,False
2,cancer_cell_(cooh)2_0,Cancer Cell Metabolite ((COOH)2),Classification,0,RAMANNET,0.9761904761904762,0.9776334776334776,0.9761904761904762,0.9761705851931416,0.975757575757576,0.9740116878652458,0.974145639379214,False
2,cancer_cell_(cooh)2_0,Cancer Cell Metabolite ((COOH)2),Classification,0,RAMANTRANSFORMER,0.0793650793650793,0.0062988158226253,0.0793650793650793,0.0116713352007469,0.0833333333333333,0.0,0.0,False
2,cancer_cell_(cooh)2_0,Cancer Cell Metabolite ((COOH)2),Classification,0,REALMLP,0.984126984126984,0.9855699855699857,0.984126984126984,0.9841070931296494,0.984090909090909,0.9826744585768306,0.9828096014432912,False
2,cancer_cell_(cooh)2_0,Cancer Cell Metabolite ((COOH)2),Classification,0,REALTABPFN-V2,1.0,1.0,1.0,1.0,1.0,1.0,1.0,False
2,cancer_cell_(cooh)2_0,Cancer Cell Metabolite ((COOH)2),Classification,0,REALTABPFN-V2.5,1.0,1.0,1.0,1.0,1.0,1.0,1.0,False
2,cancer_cell_(cooh)2_0,Cancer Cell Metabolite ((COOH)2),Classification,0,REZERONET,1.0,1.0,1.0,1.0,1.0,1.0,1.0,False
2,cancer_cell_(cooh)2_0,Cancer Cell Metabolite ((COOH)2),Classification,0,RF,0.9523809523809524,0.958189958189958,0.9523809523809524,0.9525144089179176,0.9526806526806528,0.9480269489894128,0.9485487119570076,False
2,cancer_cell_(cooh)2_0,Cancer Cell Metabolite ((COOH)2),Classification,0,ROCKET,1.0,1.0,1.0,1.0,1.0,1.0,1.0,False
2,cancer_cell_(cooh)2_0,Cancer Cell Metabolite ((COOH)2),Classification,0,SANET,0.0793650793650793,0.0062988158226253,0.0793650793650793,0.0116713352007469,0.0833333333333333,0.0,0.0,False
2,cancer_cell_(cooh)2_0,Cancer Cell Metabolite ((COOH)2),Classification,0,TABDPT,0.9682539682539684,0.9716209716209716,0.9682539682539684,0.9685879923473908,0.9693473193473195,0.9653536811713757,0.9656192005225032,False
2,cancer_cell_(cooh)2_0,Cancer Cell Metabolite ((COOH)2),Classification,0,TABICL,0.992063492063492,0.9927248677248676,0.992063492063492,0.9920271693727072,0.9916666666666668,0.9913360379564052,0.99140421787584,False
2,cancer_cell_(cooh)2_0,Cancer Cell Metabolite ((COOH)2),Classification,0,TABM,1.0,1.0,1.0,1.0,1.0,1.0,1.0,False
2,cancer_cell_(cooh)2_0,Cancer Cell Metabolite ((COOH)2),Classification,0,XGB,0.9682539682539684,0.971019721019721,0.9682539682539684,0.9681089311731134,0.9693473193473192,0.9653512993262752,0.9656168431305088,False
2,cancer_cell_(cooh)2_0,Cancer Cell Metabolite ((COOH)2),Classification,0,XT,0.9444444444444444,0.951899951899952,0.9444444444444444,0.9445319407224168,0.9443473193473194,0.9393731097058016,0.9400193399278076,False
2,cancer_cell_cooh_0,Cancer Cell Metabolite (COOH),Classification,0,ARSENAL,0.9921259842519684,0.992841803865426,0.9921259842519684,0.9921559805024373,0.9935897435897436,0.9914067257595236,0.9914738215037496,False
2,cancer_cell_cooh_0,Cancer Cell Metabolite (COOH),Classification,0,AUTOGLUON,0.9921259842519684,0.9927821522309712,0.9921259842519684,0.9920899475666228,0.9916666666666668,0.991404399323181,0.9914715130782744,False
2,cancer_cell_cooh_0,Cancer Cell Metabolite (COOH),Classification,0,CAT,0.9448818897637796,0.9476546200955648,0.9448818897637796,0.944462534288477,0.9431818181818182,0.9398063511409032,0.940188673130374,False
2,cancer_cell_cooh_0,Cancer Cell Metabolite (COOH),Classification,0,COATNET,0.6535433070866141,0.658111486064242,0.6535433070866141,0.6502387101880256,0.6508741258741259,0.6215886774564907,0.6225174829567602,False
2,cancer_cell_cooh_0,Cancer Cell Metabolite (COOH),Classification,0,DEEPCNN,1.0,1.0,1.0,1.0,1.0,1.0,1.0,False
2,cancer_cell_cooh_0,Cancer Cell Metabolite (COOH),Classification,0,DUMMY,0.1023622047244094,0.0104780209560419,0.1023622047244094,0.0190101237345331,0.0833333333333333,0.0,0.0,False
2,cancer_cell_cooh_0,Cancer Cell Metabolite (COOH),Classification,0,FASTAI,0.9212598425196852,0.9433379651073028,0.9212598425196852,0.9181866620739392,0.9174242424242424,0.9140148950575492,0.9164390054569856,False
2,cancer_cell_cooh_0,Cancer Cell Metabolite (COOH),Classification,0,FCRESNEXT,0.937007874015748,0.945001193032689,0.937007874015748,0.9364508837758488,0.9340909090909092,0.9312351945854483,0.9319925038617304,False
2,cancer_cell_cooh_0,Cancer Cell Metabolite (COOH),Classification,0,GBM,0.9133858267716536,0.9193659031257456,0.9133858267716536,0.9129520857158696,0.9106060606060606,0.9054035752979416,0.9060792222469016,False
2,cancer_cell_cooh_0,Cancer Cell Metabolite (COOH),Classification,0,KNN,0.9448818897637796,0.954389442578419,0.9448818897637796,0.9454000081173544,0.947027972027972,0.9398674242424242,0.9406946581860066,False
2,cancer_cell_cooh_0,Cancer Cell Metabolite (COOH),Classification,0,LR,0.9921259842519684,0.9927821522309712,0.9921259842519684,0.9920899475666228,0.9916666666666668,0.991404399323181,0.9914715130782744,False
2,cancer_cell_cooh_0,Cancer Cell Metabolite (COOH),Classification,0,MITRA,0.984251968503937,0.9855302178136824,0.984251968503937,0.984170838294336,0.9833333333333334,0.982806471265146,0.982939600014583,False
2,cancer_cell_cooh_0,Cancer Cell Metabolite (COOH),Classification,0,NN_TORCH,0.968503937007874,0.9704980059310768,0.968503937007874,0.9684425411735812,0.9681818181818184,0.9656175972927242,0.9658137370058928,False
2,cancer_cell_cooh_0,Cancer Cell Metabolite (COOH),Classification,0,PLS,0.8582677165354331,0.8553277431230187,0.8582677165354331,0.8415945289447515,0.8572843822843823,0.8453524556893519,0.8483408644435452,False
2,cancer_cell_cooh_0,Cancer Cell Metabolite (COOH),Classification,0,RAMANFORMER,0.9606299212598424,0.9633858267716536,0.9606299212598424,0.9603689126959816,0.959848484848485,0.957010358134182,0.957334636440886,False
2,cancer_cell_cooh_0,Cancer Cell Metabolite (COOH),Classification,0,RAMANNET,0.984251968503937,0.9856836077308518,0.984251968503937,0.9842322341286286,0.9840909090909092,0.9828111253975772,0.9829441646879028,False
2,cancer_cell_cooh_0,Cancer Cell Metabolite (COOH),Classification,0,RAMANTRANSFORMER,0.0866141732283464,0.00750201500403,0.0866141732283464,0.0138080566016204,0.0833333333333333,0.0,0.0,False
2,cancer_cell_cooh_0,Cancer Cell Metabolite (COOH),Classification,0,REALMLP,0.984251968503937,0.985623956096397,0.984251968503937,0.9842159318185912,0.984090909090909,0.9828099621007038,0.9829430169936306,False
2,cancer_cell_cooh_0,Cancer Cell Metabolite (COOH),Classification,0,REALTABPFN-V2,0.968503937007874,0.9722986986766514,0.968503937007874,0.9686899120447472,0.9666666666666668,0.9656129425302916,0.9659400117175378,False
2,cancer_cell_cooh_0,Cancer Cell Metabolite (COOH),Classification,0,REALTABPFN-V2.5,0.984251968503937,0.985623956096397,0.984251968503937,0.984196197443283,0.9833333333333334,0.982808798646362,0.982941873648798,False
2,cancer_cell_cooh_0,Cancer Cell Metabolite (COOH),Classification,0,REZERONET,0.9921259842519684,0.992841803865426,0.9921259842519684,0.99210624987666,0.9916666666666668,0.991404981050352,0.9914720834891612,False
2,cancer_cell_cooh_0,Cancer Cell Metabolite (COOH),Classification,0,RF,0.8346456692913385,0.8460817397825273,0.8346456692913385,0.8361524067864724,0.8318181818181819,0.8195168166745619,0.8203499150542615,False
2,cancer_cell_cooh_0,Cancer Cell Metabolite (COOH),Classification,0,ROCKET,0.9606299212598424,0.9619303268909568,0.9606299212598424,0.9605938845744968,0.959848484848485,0.9570249052517596,0.9571544693091124,False
2,cancer_cell_cooh_0,Cancer Cell Metabolite (COOH),Classification,0,SANET,0.0866141732283464,0.00750201500403,0.0866141732283464,0.0138080566016204,0.0833333333333333,0.0,0.0,False
2,cancer_cell_cooh_0,Cancer Cell Metabolite (COOH),Classification,0,TABDPT,0.952755905511811,0.9561560486757338,0.952755905511811,0.9537597846035836,0.9515151515151516,0.9484263959390864,0.9485548154700508,False
2,cancer_cell_cooh_0,Cancer Cell Metabolite (COOH),Classification,0,TABICL,0.984251968503937,0.985623956096397,0.984251968503937,0.9842159318185912,0.984090909090909,0.9828099621007038,0.9829430169936306,False
2,cancer_cell_cooh_0,Cancer Cell Metabolite (COOH),Classification,0,TABM,0.984251968503937,0.9855302178136824,0.984251968503937,0.984170838294336,0.9833333333333334,0.982806471265146,0.982939600014583,False
2,cancer_cell_cooh_0,Cancer Cell Metabolite (COOH),Classification,0,XGB,0.8188976377952756,0.8325191868498955,0.8188976377952756,0.8156671706016583,0.8148018648018648,0.8021940813977111,0.8036658976132579,False
2,cancer_cell_cooh_0,Cancer Cell Metabolite (COOH),Classification,0,XT,0.8188976377952756,0.8341718211796952,0.8188976377952756,0.8216729906369359,0.8182400932400932,0.8023413181756666,0.8032657761695935,False
2,cancer_cell_nh2_0,Cancer Cell Metabolite (NH2),Classification,0,ARSENAL,0.9921259842519684,0.992841803865426,0.9921259842519684,0.9921422865620058,0.9930555555555556,0.991404981050352,0.9914720834891612,False
2,cancer_cell_nh2_0,Cancer Cell Metabolite (NH2),Classification,0,AUTOGLUON,0.9921259842519684,0.992841803865426,0.9921259842519684,0.9921422865620058,0.9930555555555556,0.991404981050352,0.9914720834891612,False
2,cancer_cell_nh2_0,Cancer Cell Metabolite (NH2),Classification,0,CAT,0.968503937007874,0.9724068582336298,0.968503937007874,0.9687799755909092,0.9688131313131312,0.9656152700690402,0.9659422315351092,False
2,cancer_cell_nh2_0,Cancer Cell Metabolite (NH2),Classification,0,COATNET,0.8503937007874016,0.8754714227155173,0.8503937007874016,0.8534692833270657,0.8484168609168609,0.8367167411016376,0.8392185127221502,False
2,cancer_cell_nh2_0,Cancer Cell Metabolite (NH2),Classification,0,DEEPCNN,1.0,1.0,1.0,1.0,1.0,1.0,1.0,False
2,cancer_cell_nh2_0,Cancer Cell Metabolite (NH2),Classification,0,DUMMY,0.1023622047244094,0.0104780209560419,0.1023622047244094,0.0190101237345331,0.0833333333333333,0.0,0.0,False
2,cancer_cell_nh2_0,Cancer Cell Metabolite (NH2),Classification,0,FASTAI,0.905511811023622,0.9320681505720876,0.905511811023622,0.9024837064351292,0.9013888888888888,0.8968597726042231,0.8997871155097583,False
2,cancer_cell_nh2_0,Cancer Cell Metabolite (NH2),Classification,0,FCRESNEXT,0.937007874015748,0.9482708892157712,0.937007874015748,0.9349390450040912,0.9348484848484848,0.9312258850605836,0.9324892521586438,False
2,cancer_cell_nh2_0,Cancer Cell Metabolite (NH2),Classification,0,GBM,0.968503937007874,0.9720353137675972,0.968503937007874,0.9686485127574156,0.9680555555555556,0.9656059580230196,0.965933128989433,False
2,cancer_cell_nh2_0,Cancer Cell Metabolite (NH2),Classification,0,KNN,0.9606299212598424,0.9671916010498688,0.9606299212598424,0.9615241042654148,0.9597222222222224,0.9570249052517596,0.9574785571385098,False
2,cancer_cell_nh2_0,Cancer Cell Metabolite (NH2),Classification,0,LR,0.9921259842519684,0.992841803865426,0.9921259842519684,0.9921259842519684,0.9924242424242424,0.991404399323181,0.991471503993502,False
2,cancer_cell_nh2_0,Cancer Cell Metabolite (NH2),Classification,0,MITRA,0.9921259842519684,0.9926884139482564,0.9921259842519684,0.9921006251030215,0.9930555555555556,0.9914032356325728,0.9914703583967264,False
2,cancer_cell_nh2_0,Cancer Cell Metabolite (NH2),Classification,0,NN_TORCH,0.9921259842519684,0.992841803865426,0.9921259842519684,0.9921422865620058,0.9930555555555556,0.991404981050352,0.9914720834891612,False
2,cancer_cell_nh2_0,Cancer Cell Metabolite (NH2),Classification,0,PLS,0.889763779527559,0.9094999488700276,0.889763779527559,0.8844245148089519,0.8840909090909091,0.8796615905245347,0.8822327463407551,False
2,cancer_cell_nh2_0,Cancer Cell Metabolite (NH2),Classification,0,RAMANFORMER,0.984251968503937,0.9855302178136824,0.984251968503937,0.984170838294336,0.9833333333333334,0.9828041432536728,0.9829372897234812,False
2,cancer_cell_nh2_0,Cancer Cell Metabolite (NH2),Classification,0,RAMANNET,0.9921259842519684,0.992841803865426,0.9921259842519684,0.9921422865620058,0.9930555555555556,0.991404981050352,0.9914720834891612,False
2,cancer_cell_nh2_0,Cancer Cell Metabolite (NH2),Classification,0,RAMANTRANSFORMER,0.0866141732283464,0.00750201500403,0.0866141732283464,0.0138080566016204,0.0833333333333333,0.0,0.0,False
2,cancer_cell_nh2_0,Cancer Cell Metabolite (NH2),Classification,0,REALMLP,0.984251968503937,0.9856836077308518,0.984251968503937,0.9842682708139744,0.985479797979798,0.9828111253975772,0.9829441646879028,False
2,cancer_cell_nh2_0,Cancer Cell Metabolite (NH2),Classification,0,REALTABPFN-V2,0.9921259842519684,0.992841803865426,0.9921259842519684,0.9921422865620058,0.9930555555555556,0.991404981050352,0.9914720834891612,False
2,cancer_cell_nh2_0,Cancer Cell Metabolite (NH2),Classification,0,REALTABPFN-V2.5,1.0,1.0,1.0,1.0,1.0,1.0,1.0,False
2,cancer_cell_nh2_0,Cancer Cell Metabolite (NH2),Classification,0,REZERONET,1.0,1.0,1.0,1.0,1.0,1.0,1.0,False
2,cancer_cell_nh2_0,Cancer Cell Metabolite (NH2),Classification,0,RF,0.937007874015748,0.9450727749940347,0.937007874015748,0.936996810805348,0.9368686868686869,0.9312258850605836,0.9319832894235324,False
2,cancer_cell_nh2_0,Cancer Cell Metabolite (NH2),Classification,0,ROCKET,0.984251968503937,0.9856836077308518,0.984251968503937,0.9842682708139744,0.985479797979798,0.9828111253975772,0.9829441646879028,False
2,cancer_cell_nh2_0,Cancer Cell Metabolite (NH2),Classification,0,SANET,0.1023622047244094,0.0104780209560419,0.1023622047244094,0.0190101237345331,0.0833333333333333,0.0,0.0,False
2,cancer_cell_nh2_0,Cancer Cell Metabolite (NH2),Classification,0,TABDPT,0.9448818897637796,0.952645342409122,0.9448818897637796,0.9452217075597678,0.9438131313131314,0.9398267226208205,0.9405272542409624,False
2,cancer_cell_nh2_0,Cancer Cell Metabolite (NH2),Classification,0,TABICL,0.9921259842519684,0.992841803865426,0.9921259842519684,0.9921422865620058,0.9930555555555556,0.991404981050352,0.9914720834891612,False
2,cancer_cell_nh2_0,Cancer Cell Metabolite (NH2),Classification,0,TABM,0.984251968503937,0.9868766404199476,0.984251968503937,0.9845894029212648,0.9847222222222222,0.9828099621007038,0.9830095466912934,False
2,cancer_cell_nh2_0,Cancer Cell Metabolite (NH2),Classification,0,XGB,0.937007874015748,0.9408622873189804,0.937007874015748,0.9367496826054637,0.9347222222222225,0.9312212293528296,0.9315997574771724,False
2,cancer_cell_nh2_0,Cancer Cell Metabolite (NH2),Classification,0,XT,0.937007874015748,0.9415669632205064,0.937007874015748,0.9367513704708972,0.935479797979798,0.931216573014691,0.931658300946177,False
2,comfile_stroke_0,Stroke SERS Serum,Classification,0,ARSENAL,0.9987562189054726,0.9987593052109182,0.9987562189054726,0.9987562169813508,0.9987562189054726,0.9975124378109452,0.9975155241116164,False
2,comfile_stroke_0,Stroke SERS Serum,Classification,0,AUTOGLUON,0.9987562189054726,0.9987593052109182,0.9987562189054726,0.9987562169813508,0.9987562189054726,0.9975124378109452,0.9975155241116164,False
2,comfile_stroke_0,Stroke SERS Serum,Classification,0,CAT,0.9800995024875622,0.980111386138614,0.9800995024875622,0.9800993793432052,0.9800995024875624,0.9601990049751244,0.9602108885526396,False
2,comfile_stroke_0,Stroke SERS Serum,Classification,0,COATNET,0.9825870646766168,0.9826348491224596,0.9825870646766168,0.9825866336633664,0.9825870646766168,0.965174129353234,0.965221912616264,False
2,comfile_stroke_0,Stroke SERS Serum,Classification,0,DEEPCNN,1.0,1.0,1.0,1.0,1.0,1.0,1.0,False
2,comfile_stroke_0,Stroke SERS Serum,Classification,0,DUMMY,0.5,0.25,0.5,0.3333333333333333,0.5,0.0,0.0,False
2,comfile_stroke_0,Stroke SERS Serum,Classification,0,FASTAI,0.9912935323383084,0.99129657246462,0.9912935323383084,0.9912935188694568,0.9912935323383084,0.9825870646766168,0.9825901047982254,False
2,comfile_stroke_0,Stroke SERS Serum,Classification,0,FCRESNEXT,0.9987562189054726,0.9987593052109182,0.9987562189054726,0.9987562169813508,0.9987562189054726,0.9975124378109452,0.9975155241116164,False
2,comfile_stroke_0,Stroke SERS Serum,Classification,0,GBM,0.9813432835820896,0.9813462621362228,0.9813432835820896,0.9813432547202648,0.9813432835820896,0.9626865671641792,0.9626895457137044,False
2,comfile_stroke_0,Stroke SERS Serum,Classification,0,KNN,0.9552238805970148,0.9589041095890412,0.9552238805970148,0.9551339285714286,0.9552238805970148,0.9104477611940298,0.9141205819563218,False
2,comfile_stroke_0,Stroke SERS Serum,Classification,0,LR,0.996268656716418,0.9962717276288188,0.996268656716418,0.996268650944053,0.9962686567164178,0.9925373134328358,0.992540384340486,False
2,comfile_stroke_0,Stroke SERS Serum,Classification,0,MITRA,0.9975124378109452,0.9975247524752476,0.9975124378109452,0.9975124224179008,0.9975124378109452,0.9950248756218906,0.9950371902099892,False
2,comfile_stroke_0,Stroke SERS Serum,Classification,0,NN_TORCH,0.9912935323383084,0.99129657246462,0.9912935323383084,0.9912935188694568,0.9912935323383084,0.9825870646766168,0.9825901047982254,False
2,comfile_stroke_0,Stroke SERS Serum,Classification,0,PLS,0.9888059701492538,0.9888089948825208,0.9888059701492538,0.988805952832159,0.9888059701492538,0.9776119402985076,0.9776149650270952,False
2,comfile_stroke_0,Stroke SERS Serum,Classification,0,RAMANFORMER,1.0,1.0,1.0,1.0,1.0,1.0,1.0,False
2,comfile_stroke_0,Stroke SERS Serum,Classification,0,RAMANNET,0.9975124378109452,0.9975124378109452,0.9975124378109452,0.9975124378109452,0.9975124378109452,0.9950248756218906,0.9950248756218906,False
2,comfile_stroke_0,Stroke SERS Serum,Classification,0,RAMANTRANSFORMER,0.5,0.25,0.5,0.3333333333333333,0.5,0.0,0.0,False
2,comfile_stroke_0,Stroke SERS Serum,Classification,0,REALMLP,0.9937810945273632,0.9938085955629816,0.9937810945273632,0.9937810079408176,0.9937810945273632,0.9875621890547264,0.9875896897074392,False
2,comfile_stroke_0,Stroke SERS Serum,Classification,0,REALTABPFN-V2,0.996268656716418,0.9962962962962963,0.996268656716418,0.9962686047644904,0.9962686567164178,0.9925373134328358,0.9925649526278798,False
2,comfile_stroke_0,Stroke SERS Serum,Classification,0,REALTABPFN-V2.5,1.0,1.0,1.0,1.0,1.0,1.0,1.0,False
2,comfile_stroke_0,Stroke SERS Serum,Classification,0,REZERONET,0.9975124378109452,0.9975247524752476,0.9975124378109452,0.9975124224179008,0.9975124378109452,0.9950248756218906,0.9950371902099892,False
2,comfile_stroke_0,Stroke SERS Serum,Classification,0,RF,0.968905472636816,0.9691406177448412,0.968905472636816,0.968901575808211,0.968905472636816,0.9378109452736318,0.938046060909106,False
2,comfile_stroke_0,Stroke SERS Serum,Classification,0,ROCKET,0.9950248756218906,0.9950248756218906,0.9950248756218906,0.9950248756218906,0.9950248756218906,0.9900497512437813,0.9900497512437813,False
2,comfile_stroke_0,Stroke SERS Serum,Classification,0,SANET,0.9987562189054726,0.9987593052109182,0.9987562189054726,0.9987562169813508,0.9987562189054726,0.9975124378109452,0.9975155241116164,False
2,comfile_stroke_0,Stroke SERS Serum,Classification,0,TABDPT,0.9900497512437813,0.9900497512437813,0.9900497512437813,0.9900497512437813,0.9900497512437813,0.9800995024875622,0.9800995024875622,False
2,comfile_stroke_0,Stroke SERS Serum,Classification,0,TABICL,0.9975124378109452,0.9975247524752476,0.9975124378109452,0.9975124224179008,0.9975124378109452,0.9950248756218906,0.9950371902099892,False
2,comfile_stroke_0,Stroke SERS Serum,Classification,0,TABM,0.9912935323383084,0.9913208948296668,0.9912935323383084,0.9912934111171444,0.9912935323383084,0.9825870646766168,0.9826144267869988,False
2,comfile_stroke_0,Stroke SERS Serum,Classification,0,XGB,0.9813432835820896,0.9813700918964076,0.9813432835820896,0.9813430238224524,0.9813432835820896,0.9626865671641792,0.9627133751052368,False
2,comfile_stroke_0,Stroke SERS Serum,Classification,0,XT,0.9539800995024876,0.9554710538568988,0.9539800995024876,0.9539424078824932,0.9539800995024876,0.9079601990049752,0.9094499312231716,False
2,covid19_salvia_0,Saliva COVID-19,Classification,0,ARSENAL,0.8522954091816367,0.8516074037984971,0.8522954091816367,0.8508939031148961,0.8465660841564455,0.7770816297080188,0.7779848482505909,False
2,covid19_salvia_0,Saliva COVID-19,Classification,0,AUTOGLUON,0.9540918163672656,0.9538526074208508,0.9540918163672656,0.9539202527595716,0.951451210246391,0.9308405605737778,0.9308910621874402,False
2,covid19_salvia_0,Saliva COVID-19,Classification,0,CAT,0.6307385229540918,0.630247424482946,0.6307385229540918,0.6297029652301592,0.6271558305293246,0.4427677342167124,0.4432848107500068,False
2,covid19_salvia_0,Saliva COVID-19,Classification,0,COATNET,0.812375249500998,0.8330768267344852,0.812375249500998,0.812894790723304,0.8046362024675279,0.7169134221773394,0.7261918612544814,False
2,covid19_salvia_0,Saliva COVID-19,Classification,0,DEEPCNN,0.8602794411177644,0.8599320838841796,0.8602794411177644,0.8591714118660226,0.8546539310394733,0.7892263217679266,0.7901277254506996,False
2,covid19_salvia_0,Saliva COVID-19,Classification,0,DUMMY,0.3692614770459081,0.1363540384301257,0.3692614770459081,0.199164353508726,0.3333333333333333,0.0,0.0,False
2,covid19_salvia_0,Saliva COVID-19,Classification,0,FASTAI,0.5269461077844312,0.5278164608744296,0.5269461077844312,0.5267916596340629,0.5244987155830529,0.2857495187680461,0.2860978417687456,False
2,covid19_salvia_0,Saliva COVID-19,Classification,0,FCRESNEXT,0.5868263473053892,0.5949569864785136,0.5868263473053892,0.5830859367789514,0.5772596693078621,0.3717050060280744,0.3775282975266054,False
2,covid19_salvia_0,Saliva COVID-19,Classification,0,GBM,0.6447105788423154,0.6454183723995275,0.6447105788423154,0.6438878345668977,0.6426875067838923,0.464862432116175,0.4657272414430144,False
2,covid19_salvia_0,Saliva COVID-19,Classification,0,KNN,0.654690618762475,0.6569566328973346,0.654690618762475,0.6538131529975325,0.6548218097615688,0.4816952112137013,0.4831774754958035,False
2,covid19_salvia_0,Saliva COVID-19,Classification,0,LR,0.7145708582834331,0.7135771079775476,0.7145708582834331,0.7133895220021035,0.7084793226961902,0.5692538013383597,0.5698361119360298,False
2,covid19_salvia_0,Saliva COVID-19,Classification,0,MITRA,0.8083832335329342,0.8078470164068492,0.8083832335329342,0.8075622195412118,0.8038250298491262,0.7108816139076908,0.7113591958939146,False
2,covid19_salvia_0,Saliva COVID-19,Classification,0,NN_TORCH,0.7684630738522954,0.7685569781721224,0.7684630738522954,0.7683807563396212,0.7663294619921125,0.6513611767670102,0.6514706400770889,False
2,covid19_salvia_0,Saliva COVID-19,Classification,0,PLS,0.7564870259481038,0.7555935559710617,0.7564870259481038,0.7545271766497401,0.7510763775824016,0.6327509132859066,0.6339894211544592,False
2,covid19_salvia_0,Saliva COVID-19,Classification,0,RAMANFORMER,0.3453093812375249,0.5723046660302583,0.3453093812375249,0.2714298810004517,0.3610991714606172,0.0388657858258321,0.0508699668056919,False
2,covid19_salvia_0,Saliva COVID-19,Classification,0,RAMANNET,0.8483033932135728,0.8489301236468679,0.8483033932135728,0.8485962138492954,0.843430659575238,0.7717129324300018,0.7717315007121218,False
2,covid19_salvia_0,Saliva COVID-19,Classification,0,RAMANTRANSFORMER,0.2994011976047904,0.0896410771271827,0.2994011976047904,0.1379729021220232,0.3333333333333333,0.0,0.0,False
2,covid19_salvia_0,Saliva COVID-19,Classification,0,REALMLP,0.5349301397205589,0.5319499267984604,0.5349301397205589,0.529465121277016,0.5289134918050581,0.2961361745233529,0.2981495158902268,False
2,covid19_salvia_0,Saliva COVID-19,Classification,0,REALTABPFN-V2,0.8902195608782435,0.8917295839687012,0.8902195608782435,0.8904116880973187,0.8870907051629944,0.8347060340845696,0.8352524088428135,False
2,covid19_salvia_0,Saliva COVID-19,Classification,0,REALTABPFN-V2.5,0.9481037924151696,0.9481740438510534,0.9481037924151696,0.948013334197793,0.9452049640001446,0.921822579386752,0.9219390146681158,False
2,covid19_salvia_0,Saliva COVID-19,Classification,0,REZERONET,0.8303393213572854,0.8324734781269174,0.8303393213572854,0.8308962375347877,0.8269922934983177,0.7445993114946803,0.7450820267027466,False
2,covid19_salvia_0,Saliva COVID-19,Classification,0,RF,0.5788423153692615,0.5799780573282113,0.5788423153692615,0.5779464959998509,0.5748912768189877,0.363190583189258,0.3641226535520193,False
2,covid19_salvia_0,Saliva COVID-19,Classification,0,ROCKET,0.8502994011976048,0.850080059660898,0.8502994011976048,0.8501425612516863,0.84708853431745,0.7745572141691466,0.7745990864810044,False
2,covid19_salvia_0,Saliva COVID-19,Classification,0,SANET,0.5588822355289421,0.6600039780555893,0.5588822355289421,0.5143200429880345,0.533195122833677,0.3168743830207304,0.3602373950027853,False
2,covid19_salvia_0,Saliva COVID-19,Classification,0,TABDPT,0.908183632734531,0.9093497534006092,0.908183632734531,0.9086058141935484,0.905837403668729,0.8618337040389931,0.8619939434092988,False
2,covid19_salvia_0,Saliva COVID-19,Classification,0,TABICL,0.942115768463074,0.9419916151804896,0.942115768463074,0.9420359895466413,0.9391808676146026,0.9128272204189142,0.91284369928833,False
2,covid19_salvia_0,Saliva COVID-19,Classification,0,TABM,0.6227544910179641,0.6218510041597233,0.6227544910179641,0.6220487309024175,0.6214081551430949,0.4316113618901268,0.4317775256468463,False
2,covid19_salvia_0,Saliva COVID-19,Classification,0,XGB,0.6447105788423154,0.6455522423663786,0.6447105788423154,0.6440729472200956,0.6433221172980209,0.4646279086521143,0.4653781155997024,False
2,covid19_salvia_0,Saliva COVID-19,Classification,0,XT,0.5888223552894212,0.5889400219151839,0.5888223552894212,0.5873486265919903,0.5837020152682802,0.3782471444406959,0.3793011074191508,False
2,diabetes_skin_ear_lobe_0,Diabetes Skin (Ear Lobe),Classification,0,ARSENAL,0.5,0.25,0.5,0.3333333333333333,0.5,0.0,0.0,False
2,diabetes_skin_ear_lobe_0,Diabetes Skin (Ear Lobe),Classification,0,AUTOGLUON,0.5,0.25,0.5,0.3333333333333333,0.5,0.0,0.0,False
2,diabetes_skin_ear_lobe_0,Diabetes Skin (Ear Lobe),Classification,0,CAT,0.5,0.25,0.5,0.3333333333333333,0.5,0.0,0.0,False
2,diabetes_skin_ear_lobe_0,Diabetes Skin (Ear Lobe),Classification,0,COATNET,0.5,0.25,0.5,0.3333333333333333,0.5,0.0,0.0,False
2,diabetes_skin_ear_lobe_0,Diabetes Skin (Ear Lobe),Classification,0,DEEPCNN,0.25,0.1666666666666666,0.25,0.2,0.25,-0.5,-0.5773502691896258,False
2,diabetes_skin_ear_lobe_0,Diabetes Skin (Ear Lobe),Classification,0,DUMMY,0.5,0.25,0.5,0.3333333333333333,0.5,0.0,0.0,False
2,diabetes_skin_ear_lobe_0,Diabetes Skin (Ear Lobe),Classification,0,FASTAI,0.5,0.25,0.5,0.3333333333333333,0.5,0.0,0.0,False
2,diabetes_skin_ear_lobe_0,Diabetes Skin (Ear Lobe),Classification,0,FCRESNEXT,1.0,1.0,1.0,1.0,1.0,1.0,1.0,False
2,diabetes_skin_ear_lobe_0,Diabetes Skin (Ear Lobe),Classification,0,GBM,0.5,0.25,0.5,0.3333333333333333,0.5,0.0,0.0,False
2,diabetes_skin_ear_lobe_0,Diabetes Skin (Ear Lobe),Classification,0,KNN,0.0,0.0,0.0,0.0,0.0,-1.0,-1.0,False
2,diabetes_skin_ear_lobe_0,Diabetes Skin (Ear Lobe),Classification,0,LR,0.25,0.1666666666666666,0.25,0.2,0.25,-0.5,-0.5773502691896258,False
2,diabetes_skin_ear_lobe_0,Diabetes Skin (Ear Lobe),Classification,0,MITRA,0.25,0.1666666666666666,0.25,0.2,0.25,-0.5,-0.5773502691896258,False
2,diabetes_skin_ear_lobe_0,Diabetes Skin (Ear Lobe),Classification,0,NN_TORCH,0.5,0.25,0.5,0.3333333333333333,0.5,0.0,0.0,False
2,diabetes_skin_ear_lobe_0,Diabetes Skin (Ear Lobe),Classification,0,PLS,0.25,0.1666666666666666,0.25,0.2,0.25,-0.5,-0.5773502691896258,False
2,diabetes_skin_ear_lobe_0,Diabetes Skin (Ear Lobe),Classification,0,RAMANFORMER,0.0,0.0,0.0,0.0,0.0,-1.0,-1.0,False
2,diabetes_skin_ear_lobe_0,Diabetes Skin (Ear Lobe),Classification,0,RAMANNET,0.5,0.25,0.5,0.3333333333333333,0.5,0.0,0.0,False
2,diabetes_skin_ear_lobe_0,Diabetes Skin (Ear Lobe),Classification,0,RAMANTRANSFORMER,0.5,0.25,0.5,0.3333333333333333,0.5,0.0,0.0,False
2,diabetes_skin_ear_lobe_0,Diabetes Skin (Ear Lobe),Classification,0,REALMLP,0.5,0.25,0.5,0.3333333333333333,0.5,0.0,0.0,False
2,diabetes_skin_ear_lobe_0,Diabetes Skin (Ear Lobe),Classification,0,REALTABPFN-V2,0.5,0.25,0.5,0.3333333333333333,0.5,0.0,0.0,False
2,diabetes_skin_ear_lobe_0,Diabetes Skin (Ear Lobe),Classification,0,REALTABPFN-V2.5,0.25,0.1666666666666666,0.25,0.2,0.25,-0.5,-0.5773502691896258,False
2,diabetes_skin_ear_lobe_0,Diabetes Skin (Ear Lobe),Classification,0,REZERONET,0.5,0.25,0.5,0.3333333333333333,0.5,0.0,0.0,False
2,diabetes_skin_ear_lobe_0,Diabetes Skin (Ear Lobe),Classification,0,RF,0.5,0.25,0.5,0.3333333333333333,0.5,0.0,0.0,False
2,diabetes_skin_ear_lobe_0,Diabetes Skin (Ear Lobe),Classification,0,ROCKET,0.5,0.25,0.5,0.3333333333333333,0.5,0.0,0.0,False
2,diabetes_skin_ear_lobe_0,Diabetes Skin (Ear Lobe),Classification,0,SANET,0.5,0.25,0.5,0.3333333333333333,0.5,0.0,0.0,False
2,diabetes_skin_ear_lobe_0,Diabetes Skin (Ear Lobe),Classification,0,TABDPT,0.25,0.1666666666666666,0.25,0.2,0.25,-0.5,-0.5773502691896258,False
2,diabetes_skin_ear_lobe_0,Diabetes Skin (Ear Lobe),Classification,0,TABICL,0.25,0.1666666666666666,0.25,0.2,0.25,-0.5,-0.5773502691896258,False
2,diabetes_skin_ear_lobe_0,Diabetes Skin (Ear Lobe),Classification,0,TABM,0.25,0.1666666666666666,0.25,0.2,0.25,-0.5,-0.5773502691896258,False
2,diabetes_skin_ear_lobe_0,Diabetes Skin (Ear Lobe),Classification,0,XGB,0.5,0.25,0.5,0.3333333333333333,0.5,0.0,0.0,False
2,diabetes_skin_ear_lobe_0,Diabetes Skin (Ear Lobe),Classification,0,XT,0.25,0.1666666666666666,0.25,0.2,0.25,-0.5,-0.5773502691896258,False
2,diabetes_skin_inner_arm_0,Diabetes Skin (Inner Arm),Classification,0,ARSENAL,0.75,0.8333333333333333,0.75,0.7333333333333334,0.75,0.5,0.5773502691896258,False
2,diabetes_skin_inner_arm_0,Diabetes Skin (Inner Arm),Classification,0,AUTOGLUON,0.25,0.1666666666666666,0.25,0.2,0.25,-0.5,-0.5773502691896258,False
2,diabetes_skin_inner_arm_0,Diabetes Skin (Inner Arm),Classification,0,CAT,0.75,0.8333333333333333,0.75,0.7333333333333334,0.75,0.5,0.5773502691896258,False
2,diabetes_skin_inner_arm_0,Diabetes Skin (Inner Arm),Classification,0,COATNET,0.5,0.25,0.5,0.3333333333333333,0.5,0.0,0.0,False
2,diabetes_skin_inner_arm_0,Diabetes Skin (Inner Arm),Classification,0,DEEPCNN,0.5,0.25,0.5,0.3333333333333333,0.5,0.0,0.0,False
2,diabetes_skin_inner_arm_0,Diabetes Skin (Inner Arm),Classification,0,DUMMY,0.5,0.25,0.5,0.3333333333333333,0.5,0.0,0.0,False
2,diabetes_skin_inner_arm_0,Diabetes Skin (Inner Arm),Classification,0,FASTAI,0.5,0.25,0.5,0.3333333333333333,0.5,0.0,0.0,False
2,diabetes_skin_inner_arm_0,Diabetes Skin (Inner Arm),Classification,0,FCRESNEXT,0.75,0.8333333333333333,0.75,0.7333333333333334,0.75,0.5,0.5773502691896258,False
2,diabetes_skin_inner_arm_0,Diabetes Skin (Inner Arm),Classification,0,GBM,0.5,0.25,0.5,0.3333333333333333,0.5,0.0,0.0,False
2,diabetes_skin_inner_arm_0,Diabetes Skin (Inner Arm),Classification,0,KNN,0.5,0.25,0.5,0.3333333333333333,0.5,0.0,0.0,False
2,diabetes_skin_inner_arm_0,Diabetes Skin (Inner Arm),Classification,0,LR,0.5,0.25,0.5,0.3333333333333333,0.5,0.0,0.0,False
2,diabetes_skin_inner_arm_0,Diabetes Skin (Inner Arm),Classification,0,MITRA,0.5,0.25,0.5,0.3333333333333333,0.5,0.0,0.0,False
2,diabetes_skin_inner_arm_0,Diabetes Skin (Inner Arm),Classification,0,NN_TORCH,0.25,0.1666666666666666,0.25,0.2,0.25,-0.5,-0.5773502691896258,False
2,diabetes_skin_inner_arm_0,Diabetes Skin (Inner Arm),Classification,0,PLS,0.5,0.25,0.5,0.3333333333333333,0.5,0.0,0.0,False
2,diabetes_skin_inner_arm_0,Diabetes Skin (Inner Arm),Classification,0,RAMANFORMER,0.5,0.25,0.5,0.3333333333333333,0.5,0.0,0.0,False
2,diabetes_skin_inner_arm_0,Diabetes Skin (Inner Arm),Classification,0,RAMANNET,0.25,0.1666666666666666,0.25,0.2,0.25,-0.5,-0.5773502691896258,False
2,diabetes_skin_inner_arm_0,Diabetes Skin (Inner Arm),Classification,0,RAMANTRANSFORMER,0.5,0.25,0.5,0.3333333333333333,0.5,0.0,0.0,False
2,diabetes_skin_inner_arm_0,Diabetes Skin (Inner Arm),Classification,0,REALMLP,0.25,0.1666666666666666,0.25,0.2,0.25,-0.5,-0.5773502691896258,False
2,diabetes_skin_inner_arm_0,Diabetes Skin (Inner Arm),Classification,0,REALTABPFN-V2,0.5,0.25,0.5,0.3333333333333333,0.5,0.0,0.0,False
2,diabetes_skin_inner_arm_0,Diabetes Skin (Inner Arm),Classification,0,REALTABPFN-V2.5,0.5,0.25,0.5,0.3333333333333333,0.5,0.0,0.0,False
2,diabetes_skin_inner_arm_0,Diabetes Skin (Inner Arm),Classification,0,REZERONET,0.5,0.25,0.5,0.3333333333333333,0.5,0.0,0.0,False
2,diabetes_skin_inner_arm_0,Diabetes Skin (Inner Arm),Classification,0,RF,0.75,0.8333333333333333,0.75,0.7333333333333334,0.75,0.5,0.5773502691896258,False
2,diabetes_skin_inner_arm_0,Diabetes Skin (Inner Arm),Classification,0,ROCKET,0.5,0.5,0.5,0.5,0.5,0.0,0.0,False
2,diabetes_skin_inner_arm_0,Diabetes Skin (Inner Arm),Classification,0,SANET,0.5,0.25,0.5,0.3333333333333333,0.5,0.0,0.0,False
2,diabetes_skin_inner_arm_0,Diabetes Skin (Inner Arm),Classification,0,TABDPT,0.5,0.25,0.5,0.3333333333333333,0.5,0.0,0.0,False
2,diabetes_skin_inner_arm_0,Diabetes Skin (Inner Arm),Classification,0,TABICL,0.5,0.25,0.5,0.3333333333333333,0.5,0.0,0.0,False
2,diabetes_skin_inner_arm_0,Diabetes Skin (Inner Arm),Classification,0,TABM,0.75,0.8333333333333333,0.75,0.7333333333333334,0.75,0.5,0.5773502691896258,False
2,diabetes_skin_inner_arm_0,Diabetes Skin (Inner Arm),Classification,0,XGB,0.25,0.1666666666666666,0.25,0.2,0.25,-0.5,-0.5773502691896258,False
2,diabetes_skin_inner_arm_0,Diabetes Skin (Inner Arm),Classification,0,XT,0.75,0.8333333333333333,0.75,0.7333333333333334,0.75,0.5,0.5773502691896258,False
2,diabetes_skin_thumbnail_0,Diabetes Skin (Thumbnail),Classification,0,ARSENAL,0.0,0.0,0.0,0.0,0.0,-1.0,-1.0,False
2,diabetes_skin_thumbnail_0,Diabetes Skin (Thumbnail),Classification,0,AUTOGLUON,0.25,0.1666666666666666,0.25,0.2,0.25,-0.5,-0.5773502691896258,False
2,diabetes_skin_thumbnail_0,Diabetes Skin (Thumbnail),Classification,0,CAT,0.75,0.8333333333333333,0.75,0.7333333333333334,0.75,0.5,0.5773502691896258,False
2,diabetes_skin_thumbnail_0,Diabetes Skin (Thumbnail),Classification,0,COATNET,0.5,0.25,0.5,0.3333333333333333,0.5,0.0,0.0,False
2,diabetes_skin_thumbnail_0,Diabetes Skin (Thumbnail),Classification,0,DEEPCNN,0.0,0.0,0.0,0.0,0.0,-1.0,-1.0,False
2,diabetes_skin_thumbnail_0,Diabetes Skin (Thumbnail),Classification,0,DUMMY,0.5,0.25,0.5,0.3333333333333333,0.5,0.0,0.0,False
2,diabetes_skin_thumbnail_0,Diabetes Skin (Thumbnail),Classification,0,FASTAI,0.5,0.25,0.5,0.3333333333333333,0.5,0.0,0.0,False
2,diabetes_skin_thumbnail_0,Diabetes Skin (Thumbnail),Classification,0,FCRESNEXT,0.0,0.0,0.0,0.0,0.0,-1.0,-1.0,False
2,diabetes_skin_thumbnail_0,Diabetes Skin (Thumbnail),Classification,0,GBM,0.5,0.25,0.5,0.3333333333333333,0.5,0.0,0.0,False
2,diabetes_skin_thumbnail_0,Diabetes Skin (Thumbnail),Classification,0,KNN,0.0,0.0,0.0,0.0,0.0,-1.0,-1.0,False
2,diabetes_skin_thumbnail_0,Diabetes Skin (Thumbnail),Classification,0,LR,0.75,0.8333333333333333,0.75,0.7333333333333334,0.75,0.5,0.5773502691896258,False
2,diabetes_skin_thumbnail_0,Diabetes Skin (Thumbnail),Classification,0,MITRA,0.5,0.25,0.5,0.3333333333333333,0.5,0.0,0.0,False
2,diabetes_skin_thumbnail_0,Diabetes Skin (Thumbnail),Classification,0,NN_TORCH,0.25,0.1666666666666666,0.25,0.2,0.25,-0.5,-0.5773502691896258,False
2,diabetes_skin_thumbnail_0,Diabetes Skin (Thumbnail),Classification,0,PLS,0.75,0.8333333333333333,0.75,0.7333333333333334,0.75,0.5,0.5773502691896258,False
2,diabetes_skin_thumbnail_0,Diabetes Skin (Thumbnail),Classification,0,RAMANFORMER,0.0,0.0,0.0,0.0,0.0,-1.0,-1.0,False
2,diabetes_skin_thumbnail_0,Diabetes Skin (Thumbnail),Classification,0,RAMANNET,0.0,0.0,0.0,0.0,0.0,-1.0,-1.0,False
2,diabetes_skin_thumbnail_0,Diabetes Skin (Thumbnail),Classification,0,RAMANTRANSFORMER,0.5,0.25,0.5,0.3333333333333333,0.5,0.0,0.0,False
2,diabetes_skin_thumbnail_0,Diabetes Skin (Thumbnail),Classification,0,REALMLP,0.25,0.1666666666666666,0.25,0.2,0.25,-0.5,-0.5773502691896258,False
2,diabetes_skin_thumbnail_0,Diabetes Skin (Thumbnail),Classification,0,REALTABPFN-V2,0.25,0.1666666666666666,0.25,0.2,0.25,-0.5,-0.5773502691896258,False
2,diabetes_skin_thumbnail_0,Diabetes Skin (Thumbnail),Classification,0,REALTABPFN-V2.5,0.25,0.1666666666666666,0.25,0.2,0.25,-0.5,-0.5773502691896258,False
2,diabetes_skin_thumbnail_0,Diabetes Skin (Thumbnail),Classification,0,REZERONET,0.75,0.8333333333333333,0.75,0.7333333333333334,0.75,0.5,0.5773502691896258,False
2,diabetes_skin_thumbnail_0,Diabetes Skin (Thumbnail),Classification,0,RF,0.5,0.25,0.5,0.3333333333333333,0.5,0.0,0.0,False
2,diabetes_skin_thumbnail_0,Diabetes Skin (Thumbnail),Classification,0,ROCKET,0.0,0.0,0.0,0.0,0.0,-1.0,-1.0,False
2,diabetes_skin_thumbnail_0,Diabetes Skin (Thumbnail),Classification,0,SANET,0.5,0.25,0.5,0.3333333333333333,0.5,0.0,0.0,False
2,diabetes_skin_thumbnail_0,Diabetes Skin (Thumbnail),Classification,0,TABDPT,0.25,0.1666666666666666,0.25,0.2,0.25,-0.5,-0.5773502691896258,False
2,diabetes_skin_thumbnail_0,Diabetes Skin (Thumbnail),Classification,0,TABICL,0.25,0.1666666666666666,0.25,0.2,0.25,-0.5,-0.5773502691896258,False
2,diabetes_skin_thumbnail_0,Diabetes Skin (Thumbnail),Classification,0,TABM,0.25,0.1666666666666666,0.25,0.2,0.25,-0.5,-0.5773502691896258,False
2,diabetes_skin_thumbnail_0,Diabetes Skin (Thumbnail),Classification,0,XGB,0.5,0.25,0.5,0.3333333333333333,0.5,0.0,0.0,False
2,diabetes_skin_thumbnail_0,Diabetes Skin (Thumbnail),Classification,0,XT,0.25,0.1666666666666666,0.25,0.2,0.25,-0.5,-0.5773502691896258,False
2,diabetes_skin_vein_0,Diabetes Skin (Vein),Classification,0,ARSENAL,0.5,0.5,0.5,0.5,0.5,0.0,0.0,False
2,diabetes_skin_vein_0,Diabetes Skin (Vein),Classification,0,AUTOGLUON,0.75,0.8333333333333333,0.75,0.7333333333333334,0.75,0.5,0.5773502691896258,False
2,diabetes_skin_vein_0,Diabetes Skin (Vein),Classification,0,CAT,0.75,0.8333333333333333,0.75,0.7333333333333334,0.75,0.5,0.5773502691896258,False
2,diabetes_skin_vein_0,Diabetes Skin (Vein),Classification,0,COATNET,0.5,0.25,0.5,0.3333333333333333,0.5,0.0,0.0,False
2,diabetes_skin_vein_0,Diabetes Skin (Vein),Classification,0,DEEPCNN,0.75,0.8333333333333333,0.75,0.7333333333333334,0.75,0.5,0.5773502691896258,False
2,diabetes_skin_vein_0,Diabetes Skin (Vein),Classification,0,DUMMY,0.5,0.25,0.5,0.3333333333333333,0.5,0.0,0.0,False
2,diabetes_skin_vein_0,Diabetes Skin (Vein),Classification,0,FASTAI,0.25,0.1666666666666666,0.25,0.2,0.25,-0.5,-0.5773502691896258,False
2,diabetes_skin_vein_0,Diabetes Skin (Vein),Classification,0,FCRESNEXT,0.5,0.5,0.5,0.5,0.5,0.0,0.0,False
2,diabetes_skin_vein_0,Diabetes Skin (Vein),Classification,0,GBM,0.5,0.25,0.5,0.3333333333333333,0.5,0.0,0.0,False
2,diabetes_skin_vein_0,Diabetes Skin (Vein),Classification,0,KNN,0.5,0.25,0.5,0.3333333333333333,0.5,0.0,0.0,False
2,diabetes_skin_vein_0,Diabetes Skin (Vein),Classification,0,LR,0.25,0.1666666666666666,0.25,0.2,0.25,-0.5,-0.5773502691896258,False
2,diabetes_skin_vein_0,Diabetes Skin (Vein),Classification,0,MITRA,0.75,0.8333333333333333,0.75,0.7333333333333334,0.75,0.5,0.5773502691896258,False
2,diabetes_skin_vein_0,Diabetes Skin (Vein),Classification,0,NN_TORCH,0.25,0.1666666666666666,0.25,0.2,0.25,-0.5,-0.5773502691896258,False
2,diabetes_skin_vein_0,Diabetes Skin (Vein),Classification,0,PLS,0.25,0.1666666666666666,0.25,0.2,0.25,-0.5,-0.5773502691896258,False
2,diabetes_skin_vein_0,Diabetes Skin (Vein),Classification,0,RAMANFORMER,0.5,0.5,0.5,0.5,0.5,0.0,0.0,False
2,diabetes_skin_vein_0,Diabetes Skin (Vein),Classification,0,RAMANNET,0.75,0.8333333333333333,0.75,0.7333333333333334,0.75,0.5,0.5773502691896258,False
2,diabetes_skin_vein_0,Diabetes Skin (Vein),Classification,0,RAMANTRANSFORMER,0.5,0.25,0.5,0.3333333333333333,0.5,0.0,0.0,False
2,diabetes_skin_vein_0,Diabetes Skin (Vein),Classification,0,REALMLP,0.75,0.8333333333333333,0.75,0.7333333333333334,0.75,0.5,0.5773502691896258,False
2,diabetes_skin_vein_0,Diabetes Skin (Vein),Classification,0,REALTABPFN-V2,0.75,0.8333333333333333,0.75,0.7333333333333334,0.75,0.5,0.5773502691896258,False
2,diabetes_skin_vein_0,Diabetes Skin (Vein),Classification,0,REALTABPFN-V2.5,0.75,0.8333333333333333,0.75,0.7333333333333334,0.75,0.5,0.5773502691896258,False
2,diabetes_skin_vein_0,Diabetes Skin (Vein),Classification,0,REZERONET,0.75,0.8333333333333333,0.75,0.7333333333333334,0.75,0.5,0.5773502691896258,False
2,diabetes_skin_vein_0,Diabetes Skin (Vein),Classification,0,RF,0.75,0.8333333333333333,0.75,0.7333333333333334,0.75,0.5,0.5773502691896258,False
2,diabetes_skin_vein_0,Diabetes Skin (Vein),Classification,0,ROCKET,0.5,0.5,0.5,0.5,0.5,0.0,0.0,False
2,diabetes_skin_vein_0,Diabetes Skin (Vein),Classification,0,SANET,0.5,0.25,0.5,0.3333333333333333,0.5,0.0,0.0,False
2,diabetes_skin_vein_0,Diabetes Skin (Vein),Classification,0,TABDPT,0.5,0.5,0.5,0.5,0.5,0.0,0.0,False
2,diabetes_skin_vein_0,Diabetes Skin (Vein),Classification,0,TABICL,0.75,0.8333333333333333,0.75,0.7333333333333334,0.75,0.5,0.5773502691896258,False
2,diabetes_skin_vein_0,Diabetes Skin (Vein),Classification,0,TABM,0.75,0.8333333333333333,0.75,0.7333333333333334,0.75,0.5,0.5773502691896258,False
2,diabetes_skin_vein_0,Diabetes Skin (Vein),Classification,0,XGB,0.75,0.8333333333333333,0.75,0.7333333333333334,0.75,0.5,0.5773502691896258,False
2,diabetes_skin_vein_0,Diabetes Skin (Vein),Classification,0,XT,0.75,0.8333333333333333,0.75,0.7333333333333334,0.75,0.5,0.5773502691896258,False
2,hair_dyes_sers_0,Hair Dyes SERS,Classification,0,ARSENAL,1.0,1.0,1.0,1.0,1.0,1.0,1.0,False
2,hair_dyes_sers_0,Hair Dyes SERS,Classification,0,AUTOGLUON,1.0,1.0,1.0,1.0,1.0,1.0,1.0,False
2,hair_dyes_sers_0,Hair Dyes SERS,Classification,0,CAT,0.979591836734694,0.9797050581675112,0.979591836734694,0.9796293629447796,0.9835135047396442,0.9699506895947536,0.9699629694625084,False
2,hair_dyes_sers_0,Hair Dyes SERS,Classification,0,COATNET,1.0,1.0,1.0,1.0,1.0,1.0,1.0,False
2,hair_dyes_sers_0,Hair Dyes SERS,Classification,0,DEEPCNN,1.0,1.0,1.0,1.0,1.0,1.0,1.0,False
2,hair_dyes_sers_0,Hair Dyes SERS,Classification,0,DUMMY,0.4402332361516035,0.1938053022125135,0.4402332361516035,0.269130439914543,0.25,0.0,0.0,False
2,hair_dyes_sers_0,Hair Dyes SERS,Classification,0,FASTAI,0.967930029154519,0.9679639757904074,0.967930029154519,0.9674985649222194,0.9468088559927282,0.952546252625489,0.952717151488559,False
2,hair_dyes_sers_0,Hair Dyes SERS,Classification,0,FCRESNEXT,0.9883381924198252,0.988639142292862,0.9883381924198252,0.9882977953085996,0.9901960784313726,0.9827958067913928,0.982996501433936,False
2,hair_dyes_sers_0,Hair Dyes SERS,Classification,0,GBM,0.9650145772594751,0.96521769679921,0.9650145772594751,0.96493490169149,0.959493896896507,0.9483530961791832,0.9484651775859432,False
2,hair_dyes_sers_0,Hair Dyes SERS,Classification,0,KNN,1.0,1.0,1.0,1.0,1.0,1.0,1.0,False
2,hair_dyes_sers_0,Hair Dyes SERS,Classification,0,LR,1.0,1.0,1.0,1.0,1.0,1.0,1.0,False
2,hair_dyes_sers_0,Hair Dyes SERS,Classification,0,MITRA,1.0,1.0,1.0,1.0,1.0,1.0,1.0,False
2,hair_dyes_sers_0,Hair Dyes SERS,Classification,0,NN_TORCH,1.0,1.0,1.0,1.0,1.0,1.0,1.0,False
2,hair_dyes_sers_0,Hair Dyes SERS,Classification,0,PLS,0.9387755102040816,0.9492284718765556,0.9387755102040816,0.9393449052218752,0.9652317880794702,0.9110444222148124,0.91605779638808,False
2,hair_dyes_sers_0,Hair Dyes SERS,Classification,0,RAMANFORMER,0.5918367346938775,0.563989712609958,0.5918367346938775,0.5693655046256324,0.4964355278535255,0.4011348756001746,0.4089345521958111,False
2,hair_dyes_sers_0,Hair Dyes SERS,Classification,0,RAMANNET,1.0,1.0,1.0,1.0,1.0,1.0,1.0,False
2,hair_dyes_sers_0,Hair Dyes SERS,Classification,0,RAMANTRANSFORMER,0.1749271137026239,0.0305994951083307,0.1749271137026239,0.0520874780255952,0.25,0.0,0.0,False
2,hair_dyes_sers_0,Hair Dyes SERS,Classification,0,REALMLP,0.9941690962099126,0.9942453171744888,0.9941690962099126,0.9941594109541382,0.9950980392156864,0.9914084612879792,0.9914589388695588,False
2,hair_dyes_sers_0,Hair Dyes SERS,Classification,0,REALTABPFN-V2,1.0,1.0,1.0,1.0,1.0,1.0,1.0,False
2,hair_dyes_sers_0,Hair Dyes SERS,Classification,0,REALTABPFN-V2.5,1.0,1.0,1.0,1.0,1.0,1.0,1.0,False
2,hair_dyes_sers_0,Hair Dyes SERS,Classification,0,REZERONET,1.0,1.0,1.0,1.0,1.0,1.0,1.0,False
2,hair_dyes_sers_0,Hair Dyes SERS,Classification,0,RF,0.967930029154519,0.9679765177384833,0.967930029154519,0.9679365785514044,0.972789248149591,0.9527506793733486,0.952763243182479,False
2,hair_dyes_sers_0,Hair Dyes SERS,Classification,0,ROCKET,1.0,1.0,1.0,1.0,1.0,1.0,1.0,False
2,hair_dyes_sers_0,Hair Dyes SERS,Classification,0,SANET,1.0,1.0,1.0,1.0,1.0,1.0,1.0,False
2,hair_dyes_sers_0,Hair Dyes SERS,Classification,0,TABDPT,1.0,1.0,1.0,1.0,1.0,1.0,1.0,False
2,hair_dyes_sers_0,Hair Dyes SERS,Classification,0,TABICL,1.0,1.0,1.0,1.0,1.0,1.0,1.0,False
2,hair_dyes_sers_0,Hair Dyes SERS,Classification,0,TABM,0.979591836734694,0.9799300626975896,0.979591836734694,0.9796691631399675,0.9843088559927282,0.9699875,0.9700725633296242,False
2,hair_dyes_sers_0,Hair Dyes SERS,Classification,0,XGB,0.9475218658892128,0.9484926485444326,0.9475218658892128,0.9473872752474316,0.9337586027788598,0.9220966032402969,0.922636902041874,False
2,hair_dyes_sers_0,Hair Dyes SERS,Classification,0,XT,0.9737609329446064,0.973844150697727,0.9737609329446064,0.973791030065701,0.9794068952084144,0.9614091232982886,0.96142131520468,False
2,head_neck_cancer_0,Head & Neck Cancer,Classification,0,ARSENAL,0.6956521739130435,0.6763285024154589,0.6956521739130435,0.6720557788332725,0.6205357142857143,0.5695187165775402,0.5777132924774059,False
2,head_neck_cancer_0,Head & Neck Cancer,Classification,0,AUTOGLUON,0.6956521739130435,0.6920289855072463,0.6956521739130435,0.6906832298136646,0.6517857142857143,0.5774278215223096,0.5789794457332318,False
2,head_neck_cancer_0,Head & Neck Cancer,Classification,0,CAT,0.5652173913043478,0.5546772068511199,0.5652173913043478,0.5450331514404742,0.4866071428571428,0.3866666666666667,0.3943946892746279,False
2,head_neck_cancer_0,Head & Neck Cancer,Classification,0,COATNET,0.2608695652173913,0.0830039525691699,0.2608695652173913,0.1259370314842578,0.2142857142857142,-0.0653950953678472,-0.1846372364689991,False
2,head_neck_cancer_0,Head & Neck Cancer,Classification,0,DEEPCNN,0.6521739130434783,0.6376811594202898,0.6521739130434783,0.6340579710144928,0.5892857142857143,0.5132275132275133,0.5189020971694819,False
2,head_neck_cancer_0,Head & Neck Cancer,Classification,0,DUMMY,0.3478260869565217,0.1209829867674858,0.3478260869565217,0.1795231416549789,0.25,0.0,0.0,False
2,head_neck_cancer_0,Head & Neck Cancer,Classification,0,FASTAI,0.5652173913043478,0.3839464882943144,0.5652173913043478,0.4531400966183575,0.4330357142857143,0.3575418994413407,0.4050957468334666,False
2,head_neck_cancer_0,Head & Neck Cancer,Classification,0,FCRESNEXT,0.5217391304347826,0.7154150197628458,0.5217391304347826,0.4743961352657005,0.5848214285714286,0.3859223300970873,0.4387513432777957,False
2,head_neck_cancer_0,Head & Neck Cancer,Classification,0,GBM,0.782608695652174,0.781832298136646,0.782608695652174,0.7797101449275362,0.75,0.7012987012987013,0.703125,False
2,head_neck_cancer_0,Head & Neck Cancer,Classification,0,KNN,0.6521739130434783,0.6456521739130434,0.6521739130434783,0.6396135265700483,0.5892857142857143,0.5170603674540682,0.5212296878966152,False
2,head_neck_cancer_0,Head & Neck Cancer,Classification,0,LR,0.6521739130434783,0.6759834368530021,0.6521739130434783,0.6592344853214418,0.6473214285714286,0.5294117647058824,0.5321776388952297,False
2,head_neck_cancer_0,Head & Neck Cancer,Classification,0,MITRA,0.6521739130434783,0.6589371980676328,0.6521739130434783,0.6504095506653051,0.6116071428571428,0.5195822454308093,0.5223259036724738,False
2,head_neck_cancer_0,Head & Neck Cancer,Classification,0,NN_TORCH,0.6521739130434783,0.6714975845410628,0.6521739130434783,0.6422938740713676,0.5848214285714286,0.5080213903743316,0.5153311059657611,False
2,head_neck_cancer_0,Head & Neck Cancer,Classification,0,PLS,0.7391304347826086,0.782608695652174,0.7391304347826086,0.732367149758454,0.7053571428571428,0.6387434554973822,0.6526397510791422,False
2,head_neck_cancer_0,Head & Neck Cancer,Classification,0,RAMANFORMER,0.5652173913043478,0.3839464882943144,0.5652173913043478,0.4531400966183575,0.4330357142857143,0.3575418994413407,0.4050957468334666,False
2,head_neck_cancer_0,Head & Neck Cancer,Classification,0,RAMANNET,0.5652173913043478,0.4995169082125604,0.5652173913043478,0.5283816425120773,0.4910714285714286,0.3915343915343915,0.3991669631019453,False
2,head_neck_cancer_0,Head & Neck Cancer,Classification,0,RAMANTRANSFORMER,0.3043478260869565,0.0926275992438563,0.3043478260869565,0.1420289855072463,0.25,0.0,0.0,False
2,head_neck_cancer_0,Head & Neck Cancer,Classification,0,REALMLP,0.5652173913043478,0.5904761904761905,0.5652173913043478,0.5737643998513563,0.5491071428571428,0.4117647058823529,0.4139159413629564,False
2,head_neck_cancer_0,Head & Neck Cancer,Classification,0,REALTABPFN-V2,0.6956521739130435,0.580149319279754,0.6956521739130435,0.6225388706207121,0.59375,0.5625,0.5923674320287214,False
2,head_neck_cancer_0,Head & Neck Cancer,Classification,0,REALTABPFN-V2.5,0.5652173913043478,0.5904761904761905,0.5652173913043478,0.5737643998513563,0.5491071428571428,0.4117647058823529,0.4139159413629564,False
2,head_neck_cancer_0,Head & Neck Cancer,Classification,0,REZERONET,0.7391304347826086,0.7565217391304347,0.7391304347826086,0.7294685990338164,0.6785714285714286,0.6329787234042552,0.6401180808315037,False
2,head_neck_cancer_0,Head & Neck Cancer,Classification,0,RF,0.5652173913043478,0.594532279314888,0.5652173913043478,0.5498370432008876,0.5133928571428572,0.3963254593175853,0.4107144695204746,False
2,head_neck_cancer_0,Head & Neck Cancer,Classification,0,ROCKET,0.6086956521739131,0.5960144927536232,0.6086956521739131,0.6004140786749482,0.5535714285714286,0.4566929133858267,0.4579201070799197,False
2,head_neck_cancer_0,Head & Neck Cancer,Classification,0,SANET,0.1739130434782608,0.0302457466918714,0.1739130434782608,0.0515297906602254,0.25,0.0,0.0,False
2,head_neck_cancer_0,Head & Neck Cancer,Classification,0,TABDPT,0.6956521739130435,0.7217391304347827,0.6956521739130435,0.704623878536922,0.6830357142857143,0.5807291666666666,0.5822474154449473,False
2,head_neck_cancer_0,Head & Neck Cancer,Classification,0,TABICL,0.6086956521739131,0.6086956521739131,0.6086956521739131,0.6067283100531182,0.5803571428571428,0.4595300261096605,0.460739299120865,False
2,head_neck_cancer_0,Head & Neck Cancer,Classification,0,TABM,0.4782608695652174,0.358695652173913,0.4782608695652174,0.4057073630367478,0.3660714285714286,0.2438356164383562,0.2613490483150601,False
2,head_neck_cancer_0,Head & Neck Cancer,Classification,0,XGB,0.6956521739130435,0.7217391304347827,0.6956521739130435,0.704623878536922,0.6785714285714286,0.5807291666666666,0.5822474154449473,False
2,head_neck_cancer_0,Head & Neck Cancer,Classification,0,XT,0.5217391304347826,0.4647342995169082,0.5217391304347826,0.4800724637681159,0.4285714285714286,0.3162162162162162,0.3238029425255974,False
2,microplastics_weathered_0,Weathered Microplastics,Classification,0,ARSENAL,0.875,0.875,0.875,0.875,0.8916666666666666,0.7974683544303798,0.7974683544303798,False
2,microplastics_weathered_0,Weathered Microplastics,Classification,0,AUTOGLUON,0.9375,0.9444444444444444,0.9375,0.9358660130718954,0.9333333333333332,0.896774193548387,0.902902025421667,False
2,microplastics_weathered_0,Weathered Microplastics,Classification,0,CAT,0.5625,0.6249999999999999,0.5625,0.5603275401069518,0.4944444444444444,0.2582781456953642,0.2641171001614407,False
2,microplastics_weathered_0,Weathered Microplastics,Classification,0,COATNET,0.9375,0.9444444444444444,0.9375,0.9358660130718954,0.9333333333333332,0.896774193548387,0.902902025421667,False
2,microplastics_weathered_0,Weathered Microplastics,Classification,0,DEEPCNN,1.0,1.0,1.0,1.0,1.0,1.0,1.0,False
2,microplastics_weathered_0,Weathered Microplastics,Classification,0,DUMMY,0.5,0.25,0.5,0.3333333333333333,0.3333333333333333,0.0,0.0,False
2,microplastics_weathered_0,Weathered Microplastics,Classification,0,FASTAI,0.75,0.7638888888888888,0.75,0.7492647058823529,0.7138888888888889,0.5816993464052287,0.5859830248628641,False
2,microplastics_weathered_0,Weathered Microplastics,Classification,0,FCRESNEXT,0.8125,0.8333333333333333,0.8125,0.8147727272727273,0.7805555555555556,0.6923076923076923,0.6969047394415508,False
2,microplastics_weathered_0,Weathered Microplastics,Classification,0,GBM,0.625,0.516025641025641,0.625,0.5372023809523809,0.4666666666666666,0.2992700729927007,0.3693244093096362,False
2,microplastics_weathered_0,Weathered Microplastics,Classification,0,KNN,0.8125,0.8636363636363636,0.8125,0.787124060150376,0.7999999999999999,0.6778523489932886,0.7274663596483373,False
2,microplastics_weathered_0,Weathered Microplastics,Classification,0,LR,1.0,1.0,1.0,1.0,1.0,1.0,1.0,False
2,microplastics_weathered_0,Weathered Microplastics,Classification,0,MITRA,0.9375,0.9444444444444444,0.9375,0.9358660130718954,0.9333333333333332,0.896774193548387,0.902902025421667,False
2,microplastics_weathered_0,Weathered Microplastics,Classification,0,NN_TORCH,0.625,0.726388888888889,0.625,0.6362637362637362,0.6555555555555556,0.4181818181818182,0.4543014462419957,False
2,microplastics_weathered_0,Weathered Microplastics,Classification,0,PLS,0.9375,0.9479166666666669,0.9375,0.9340909090909092,0.8888888888888888,0.8974358974358975,0.9033950326094178,False
2,microplastics_weathered_0,Weathered Microplastics,Classification,0,RAMANFORMER,0.5625,0.4563492063492063,0.5625,0.5024509803921569,0.475,0.2483221476510066,0.2622333409302467,False
2,microplastics_weathered_0,Weathered Microplastics,Classification,0,RAMANNET,0.875,0.8819444444444444,0.875,0.8705882352941177,0.8222222222222223,0.7908496732026143,0.7966735506562534,False
2,microplastics_weathered_0,Weathered Microplastics,Classification,0,RAMANTRANSFORMER,0.5,0.25,0.5,0.3333333333333333,0.3333333333333333,0.0,0.0,False
2,microplastics_weathered_0,Weathered Microplastics,Classification,0,REALMLP,0.8125,0.8402777777777777,0.8125,0.7916109625668449,0.7111111111111111,0.6821192052980132,0.6975400337597023,False
2,microplastics_weathered_0,Weathered Microplastics,Classification,0,REALTABPFN-V2,0.8125,0.821875,0.8125,0.8027777777777778,0.7555555555555555,0.6799999999999999,0.6958284380433681,False
2,microplastics_weathered_0,Weathered Microplastics,Classification,0,REALTABPFN-V2.5,0.9375,0.9444444444444444,0.9375,0.9358660130718954,0.9333333333333332,0.896774193548387,0.902902025421667,False
2,microplastics_weathered_0,Weathered Microplastics,Classification,0,REZERONET,1.0,1.0,1.0,1.0,1.0,1.0,1.0,False
2,microplastics_weathered_0,Weathered Microplastics,Classification,0,RF,0.5,0.4041666666666667,0.5,0.4469696969696969,0.3833333333333333,0.1232876712328767,0.1307234010991785,False
2,microplastics_weathered_0,Weathered Microplastics,Classification,0,ROCKET,0.8125,0.8333333333333333,0.8125,0.8147727272727273,0.7805555555555556,0.6923076923076923,0.6969047394415508,False
2,microplastics_weathered_0,Weathered Microplastics,Classification,0,SANET,0.5,0.25,0.5,0.3333333333333333,0.3333333333333333,0.0,0.0,False
2,microplastics_weathered_0,Weathered Microplastics,Classification,0,TABDPT,0.875,0.9,0.875,0.8722222222222222,0.8222222222222223,0.7866666666666666,0.8049779969521318,False
2,microplastics_weathered_0,Weathered Microplastics,Classification,0,TABICL,0.8125,0.8333333333333333,0.8125,0.8147727272727273,0.7805555555555556,0.6923076923076923,0.6969047394415508,False
2,microplastics_weathered_0,Weathered Microplastics,Classification,0,TABM,0.625,0.6964285714285714,0.625,0.625,0.561111111111111,0.3766233766233766,0.3872177685557002,False
2,microplastics_weathered_0,Weathered Microplastics,Classification,0,XGB,0.6875,0.7326388888888888,0.6875,0.6759692513368983,0.6027777777777777,0.4701986754966887,0.4808285669605715,False
2,microplastics_weathered_0,Weathered Microplastics,Classification,0,XT,0.5,0.4041666666666667,0.5,0.4469696969696969,0.3833333333333333,0.1232876712328767,0.1307234010991785,False
2,mlrod_0,ML Raman Open Dataset (MLROD),Classification,0,ARSENAL,0.98508438088648,0.9856319756182832,0.98508438088648,0.9852474819406364,0.9851635721339508,0.9838639325497224,0.9838760047778372,False
2,mlrod_0,ML Raman Open Dataset (MLROD),Classification,0,AUTOGLUON,0.988082881636105,0.9883079955395996,0.988082881636105,0.9881656864121028,0.9868298745393622,0.987107148448524,0.9871101613207048,False
2,mlrod_0,ML Raman Open Dataset (MLROD),Classification,0,CAT,0.9711298197055318,0.9733672681811892,0.9711298197055318,0.971900450456422,0.9688682495692044,0.9687737665652396,0.9688188359309946,False
2,mlrod_0,ML Raman Open Dataset (MLROD),Classification,0,COATNET,0.9358013301041788,0.9545498106188208,0.9358013301041788,0.9405164926144312,0.9476950243508756,0.930718036416688,0.9316773794425204,False
2,mlrod_0,ML Raman Open Dataset (MLROD),Classification,0,DEEPCNN,0.9870064967516242,0.9879922322795904,0.9870064967516242,0.9872966972326408,0.9873036270555888,0.9859451053876837,0.9859673251958708,False
2,mlrod_0,ML Raman Open Dataset (MLROD),Classification,0,DUMMY,0.1380463614346672,0.0190567979053507,0.1380463614346672,0.0334903718356904,0.0625,0.0,0.0,False
2,mlrod_0,ML Raman Open Dataset (MLROD),Classification,0,FASTAI,0.9654403567447044,0.9679877187274276,0.9654403567447044,0.9663149245376508,0.9671422796059892,0.9626281083515292,0.9626851699433938,False
2,mlrod_0,ML Raman Open Dataset (MLROD),Classification,0,FCRESNEXT,0.94687271748741,0.9486137069424168,0.94687271748741,0.9458020414959628,0.9453436236482566,0.9425306121055268,0.942773357303571,False
2,mlrod_0,ML Raman Open Dataset (MLROD),Classification,0,GBM,0.9776265713297198,0.9786243357098122,0.9776265713297198,0.9780007544037956,0.9752238332369928,0.9757965721524972,0.9758114217943809,False
2,mlrod_0,ML Raman Open Dataset (MLROD),Classification,0,KNN,0.9090070349440664,0.9118935135926304,0.9090070349440664,0.9077038576052332,0.9071304918569169,0.9015826764240662,0.902024980980533,False
2,mlrod_0,ML Raman Open Dataset (MLROD),Classification,0,LR,0.966670510898397,0.9663761810918926,0.966670510898397,0.9664908444214962,0.9655969280884732,0.963938132240048,0.9639428197608888,False
2,mlrod_0,ML Raman Open Dataset (MLROD),Classification,0,MITRA,0.9660938761388536,0.9686979721366148,0.9660938761388536,0.967019772779965,0.9639387107535756,0.9633274278632566,0.9633745282127428,False
2,mlrod_0,ML Raman Open Dataset (MLROD),Classification,0,NN_TORCH,0.9709760504363204,0.971455381797172,0.9709760504363204,0.9711622698418964,0.9684459957971876,0.9686030203053534,0.9686107628100402,False
2,mlrod_0,ML Raman Open Dataset (MLROD),Classification,0,PLS,0.7304040287548533,0.6271051320586583,0.7304040287548533,0.6554865043916251,0.6282117395294529,0.7051851907060936,0.7115351740000895,False
2,mlrod_0,ML Raman Open Dataset (MLROD),Classification,0,RAMANFORMER,0.0404028754853342,0.0016323923474834,0.0404028754853342,0.0031380004533761,0.0625,0.0,0.0,False
2,mlrod_0,ML Raman Open Dataset (MLROD),Classification,0,RAMANNET,0.9565986237650406,0.9702620096918626,0.9565986237650406,0.9606578223541568,0.9652313836550452,0.9531270092642712,0.9536799139695736,False
2,mlrod_0,ML Raman Open Dataset (MLROD),Classification,0,RAMANTRANSFORMER,0.4108330450159536,0.4588750776939813,0.4108330450159536,0.3868687255530145,0.3569329031744584,0.360745844632402,0.3834717494255079,False
2,mlrod_0,ML Raman Open Dataset (MLROD),Classification,0,REALMLP,0.9032022450313304,0.9116466542260876,0.9032022450313304,0.9009986673770624,0.8935996459791902,0.8952520141132816,0.8960609014549146,False
2,mlrod_0,ML Raman Open Dataset (MLROD),Classification,0,REALTABPFN-V2,0.9747433975320032,0.9751557406654634,0.9747433975320032,0.9748218989958584,0.9709048231893226,0.9726761021034722,0.9726917576911746,False
2,mlrod_0,ML Raman Open Dataset (MLROD),Classification,0,REALTABPFN-V2.5,0.9878906700495906,0.9881865751998749,0.9878906700495906,0.9879958287819992,0.9867232879106248,0.9868994425305784,0.986903663717262,False
2,mlrod_0,ML Raman Open Dataset (MLROD),Classification,0,REZERONET,0.9869296121170184,0.98694070806795,0.9869296121170184,0.98691928462836,0.9858890701538676,0.9858582463974178,0.9858606954026484,False
2,mlrod_0,ML Raman Open Dataset (MLROD),Classification,0,RF,0.9855841310114174,0.9861266056607204,0.9855841310114174,0.9857785161762448,0.9842886021784384,0.9844050683636928,0.984412887568007,False
2,mlrod_0,ML Raman Open Dataset (MLROD),Classification,0,ROCKET,0.989851228232038,0.9900977133329906,0.989851228232038,0.9899325391210442,0.9888105394505,0.9890199032807864,0.9890244498233928,False
2,mlrod_0,ML Raman Open Dataset (MLROD),Classification,0,SANET,0.9853534771076,0.9857462700085632,0.9853534771076,0.9854655465175464,0.986043715597204,0.9841570385064822,0.9841689572618352,False
2,mlrod_0,ML Raman Open Dataset (MLROD),Classification,0,TABDPT,0.9807403990312537,0.9817857742935224,0.9807403990312537,0.9810531548142614,0.9798747242230544,0.9791642257033188,0.979191820797673,False
2,mlrod_0,ML Raman Open Dataset (MLROD),Classification,0,TABICL,0.9901972090877638,0.9902743760836904,0.9901972090877638,0.99022739113249,0.9890204124041726,0.9893944163388684,0.9893954160884176,False
2,mlrod_0,ML Raman Open Dataset (MLROD),Classification,0,TABM,0.9879291123668936,0.9883549147958894,0.9879291123668936,0.9880771139598042,0.987075140064514,0.9869418029931226,0.986948591354848,False
2,mlrod_0,ML Raman Open Dataset (MLROD),Classification,0,XGB,0.9837388997808788,0.9845388288668834,0.9837388997808788,0.9840298868298764,0.98213539060333,0.9824092851460556,0.9824208734426124,False
2,mlrod_0,ML Raman Open Dataset (MLROD),Classification,0,XT,0.9838157844154846,0.9844314566609292,0.9838157844154846,0.9840353126771152,0.9823858774418924,0.9824921211233394,0.982501429886101,False
2,parkinson_0,Saliva Parkinson,Classification,0,ARSENAL,0.9087837837837838,0.9098321203016292,0.9087837837837838,0.9079750651803054,0.8981060606060607,0.8079953872765712,0.8104788563336812,False
2,parkinson_0,Saliva Parkinson,Classification,0,AUTOGLUON,0.9662162162162162,0.9662162162162162,0.9662162162162162,0.9662162162162162,0.9649621212121212,0.9299242424242424,0.9299242424242424,False
2,parkinson_0,Saliva Parkinson,Classification,0,CAT,0.7702702702702703,0.7684291043774659,0.7702702702702703,0.7675484856683173,0.7524621212121212,0.5144731763797762,0.5170629818217634,False
2,parkinson_0,Saliva Parkinson,Classification,0,COATNET,0.8141891891891891,0.8138227981159918,0.8141891891891891,0.8117927191496673,0.7973484848484849,0.6067632850241547,0.6102831080096447,False
2,parkinson_0,Saliva Parkinson,Classification,0,DEEPCNN,0.8716216216216216,0.8782770270270271,0.8716216216216216,0.8685866717781611,0.8509469696969697,0.724960876369327,0.7361525741133678,False
2,parkinson_0,Saliva Parkinson,Classification,0,DUMMY,0.5945945945945946,0.3535427319211103,0.5945945945945946,0.4434264773247823,0.5,0.0,0.0,False
2,parkinson_0,Saliva Parkinson,Classification,0,FASTAI,0.7398648648648649,0.7371871203646904,0.7398648648648649,0.7370486049382917,0.7215909090909092,0.4509539410291,0.4529039421587268,False
2,parkinson_0,Saliva Parkinson,Classification,0,FCRESNEXT,0.8175675675675675,0.8441684928171415,0.8175675675675675,0.8064815579709638,0.7803030303030303,0.5970149253731343,0.6356417261637283,False
2,parkinson_0,Saliva Parkinson,Classification,0,GBM,0.7533783783783784,0.7510562170248034,0.7533783783783784,0.7501976090531949,0.734280303030303,0.4780676328502415,0.4808408946547328,False
2,parkinson_0,Saliva Parkinson,Classification,0,KNN,0.7804054054054054,0.7824395188132675,0.7804054054054054,0.7743094091899325,0.7543560606060606,0.5275977214692594,0.5380585655719359,False
2,parkinson_0,Saliva Parkinson,Classification,0,LR,0.8547297297297297,0.8568661845463783,0.8547297297297297,0.8553144589757862,0.8539772727272728,0.7014449240007506,0.702274854845609,False
2,parkinson_0,Saliva Parkinson,Classification,0,MITRA,0.8783783783783784,0.8796934968732386,0.8783783783783784,0.8769374335891092,0.8645833333333333,0.7429563874951757,0.7466963540936943,False
2,parkinson_0,Saliva Parkinson,Classification,0,NN_TORCH,0.7871621621621622,0.7872385537360156,0.7871621621621622,0.7829490219589011,0.7653409090909091,0.5458796025715955,0.5522432992337463,False
2,parkinson_0,Saliva Parkinson,Classification,0,PLS,0.8952702702702703,0.8950406087086367,0.8952702702702703,0.8948895256780113,0.8880681818181818,0.7813155386081982,0.7818020067404043,False
2,parkinson_0,Saliva Parkinson,Classification,0,RAMANFORMER,0.543918918918919,0.4901333506375523,0.543918918918919,0.4892773758882023,0.48125,-0.0412757973733584,-0.0487539821995303,False
2,parkinson_0,Saliva Parkinson,Classification,0,RAMANNET,0.7601351351351351,0.7695805237659055,0.7601351351351351,0.7479374729365139,0.7240530303030304,0.4738634087722811,0.4973754695119894,False
2,parkinson_0,Saliva Parkinson,Classification,0,RAMANTRANSFORMER,0.5945945945945946,0.3535427319211103,0.5945945945945946,0.4434264773247823,0.5,0.0,0.0,False
2,parkinson_0,Saliva Parkinson,Classification,0,REALMLP,0.8108108108108109,0.8125574554145982,0.8108108108108109,0.8068289552369422,0.7892045454545455,0.5957861880608661,0.603443250584696,False
2,parkinson_0,Saliva Parkinson,Classification,0,REALTABPFN-V2,0.9087837837837838,0.9125425037694268,0.9087837837837838,0.9074081190454372,0.8941287878787878,0.806432861848479,0.8124896613074418,False
2,parkinson_0,Saliva Parkinson,Classification,0,REALTABPFN-V2.5,0.9527027027027029,0.9532906875367492,0.9527027027027029,0.952818561919749,0.9535984848484848,0.90241145440844,0.9027624401884168,False
2,parkinson_0,Saliva Parkinson,Classification,0,REZERONET,0.8682432432432432,0.8684383249952597,0.8682432432432432,0.86707509414933,0.856060606060606,0.7226600038439361,0.7248811845420174,False
2,parkinson_0,Saliva Parkinson,Classification,0,RF,0.7871621621621622,0.7879310175844392,0.7871621621621622,0.7824097646033129,0.7640151515151515,0.5446376245360423,0.5523233432049546,False
2,parkinson_0,Saliva Parkinson,Classification,0,ROCKET,0.902027027027027,0.9029331544172342,0.902027027027027,0.9011584033418096,0.8910984848484849,0.7937728233711321,0.7962125777017373,False
2,parkinson_0,Saliva Parkinson,Classification,0,SANET,0.8682432432432432,0.8812442144147078,0.8682432432432432,0.8638040016355256,0.8428030303030303,0.7149911119889394,0.7340766819747371,False
2,parkinson_0,Saliva Parkinson,Classification,0,TABDPT,0.9222972972972971,0.922167117697844,0.9222972972972971,0.9221338293187108,0.9174242424242424,0.8381821639094885,0.838368927911239,False
2,parkinson_0,Saliva Parkinson,Classification,0,TABICL,0.9425675675675677,0.9425274006279593,0.9425675675675677,0.942446743409482,0.9384469696969696,0.8803955124548393,0.8805916824476036,False
2,parkinson_0,Saliva Parkinson,Classification,0,TABM,0.7297297297297297,0.7290528959734826,0.7297297297297297,0.7293576156985927,0.7183712121212121,0.4379035320926699,0.4379467749625094,False
2,parkinson_0,Saliva Parkinson,Classification,0,XGB,0.7162162162162162,0.7138030888030887,0.7162162162162162,0.7144765455110283,0.7003787878787879,0.4050535987748851,0.405705387531225,False
2,parkinson_0,Saliva Parkinson,Classification,0,XT,0.793918918918919,0.7937396650267937,0.793918918918919,0.7903372387279158,0.7736742424242424,0.5614921313386438,0.566803971456465,False
2,pharmaceutical_ingredients_0,Pharmaceutical Ingredients,Classification,0,ARSENAL,0.9843304843304844,0.9860015340784573,0.9843304843304844,0.9837878171211504,0.9829613095238096,0.9838208518671392,0.9839218728685152,False
2,pharmaceutical_ingredients_0,Pharmaceutical Ingredients,Classification,0,AUTOGLUON,1.0,1.0,1.0,1.0,1.0,1.0,1.0,False
2,pharmaceutical_ingredients_0,Pharmaceutical Ingredients,Classification,0,CAT,0.9843304843304844,0.985626861555542,0.9843304843304844,0.984400524000106,0.9836791831357048,0.9838211230512331,0.9838602894251728,False
2,pharmaceutical_ingredients_0,Pharmaceutical Ingredients,Classification,0,COATNET,0.9928774928774928,0.9935590107691556,0.9928774928774928,0.9928582864921416,0.992485119047619,0.9926459496153266,0.9926688277998552,False
2,pharmaceutical_ingredients_0,Pharmaceutical Ingredients,Classification,0,DEEPCNN,0.9886039886039886,0.9887485032412568,0.9886039886039886,0.9885630938262516,0.9877232142857144,0.9882334700787369,0.9882417523335684,False
2,pharmaceutical_ingredients_0,Pharmaceutical Ingredients,Classification,0,DUMMY,0.0413105413105413,0.0017065608233699,0.0413105413105413,0.0032777173680046,0.03125,0.0,0.0,False
2,pharmaceutical_ingredients_0,Pharmaceutical Ingredients,Classification,0,FASTAI,0.9772079772079773,0.9832554723859072,0.9772079772079773,0.9764775347257166,0.9780573593073594,0.9764634389111826,0.976770567761255,False
2,pharmaceutical_ingredients_0,Pharmaceutical Ingredients,Classification,0,FCRESNEXT,0.95014245014245,0.971442406225015,0.95014245014245,0.9515193090989114,0.9513325216450216,0.9485029814614924,0.9496306657543292,False
2,pharmaceutical_ingredients_0,Pharmaceutical Ingredients,Classification,0,GBM,0.9757834757834758,0.9772729467046782,0.9757834757834758,0.976022411467192,0.9752572404950122,0.974995495250108,0.9750322699893016,False
2,pharmaceutical_ingredients_0,Pharmaceutical Ingredients,Classification,0,KNN,0.9814814814814816,0.9828266514442656,0.9814814814814816,0.981235833045522,0.979985119047619,0.9808791885702552,0.9809429051524436,False
2,pharmaceutical_ingredients_0,Pharmaceutical Ingredients,Classification,0,LR,1.0,1.0,1.0,1.0,1.0,1.0,1.0,False
2,pharmaceutical_ingredients_0,Pharmaceutical Ingredients,Classification,0,MITRA,0.9487179487179488,0.9529401736633906,0.9487179487179488,0.948654932773006,0.9462794972237908,0.947050726292566,0.9471936240239645,False
2,pharmaceutical_ingredients_0,Pharmaceutical Ingredients,Classification,0,NN_TORCH,0.9985754985754984,0.9986402486402486,0.9985754985754984,0.9985746905769596,0.9985119047619048,0.9985291899230652,0.9985312820190912,False
2,pharmaceutical_ingredients_0,Pharmaceutical Ingredients,Classification,0,PLS,0.6324786324786325,0.5937431710910057,0.6324786324786325,0.5443054714605307,0.6234979648974215,0.6204005667289845,0.6273403093964298,False
2,pharmaceutical_ingredients_0,Pharmaceutical Ingredients,Classification,0,RAMANFORMER,0.0313390313390313,0.0009821348852687,0.0313390313390313,0.0019045820150792,0.03125,0.0,0.0,False
2,pharmaceutical_ingredients_0,Pharmaceutical Ingredients,Classification,0,RAMANNET,1.0,1.0,1.0,1.0,1.0,1.0,1.0,False
2,pharmaceutical_ingredients_0,Pharmaceutical Ingredients,Classification,0,RAMANTRANSFORMER,0.0313390313390313,0.0009821348852687,0.0313390313390313,0.0019045820150792,0.03125,0.0,0.0,False
2,pharmaceutical_ingredients_0,Pharmaceutical Ingredients,Classification,0,REALMLP,0.9985754985754984,0.9986433319766652,0.9985754985754984,0.9985754985754984,0.9985119047619048,0.9985291930046576,0.998531285094115,False
2,pharmaceutical_ingredients_0,Pharmaceutical Ingredients,Classification,0,REALTABPFN-V2,1.0,1.0,1.0,1.0,1.0,1.0,1.0,False
2,pharmaceutical_ingredients_0,Pharmaceutical Ingredients,Classification,0,REALTABPFN-V2.5,1.0,1.0,1.0,1.0,1.0,1.0,1.0,False
2,pharmaceutical_ingredients_0,Pharmaceutical Ingredients,Classification,0,REZERONET,1.0,1.0,1.0,1.0,1.0,1.0,1.0,False
2,pharmaceutical_ingredients_0,Pharmaceutical Ingredients,Classification,0,RF,0.9914529914529916,0.991842262675596,0.9914529914529916,0.9914498110625968,0.991194064088086,0.9911751765174212,0.991187636745866,False
2,pharmaceutical_ingredients_0,Pharmaceutical Ingredients,Classification,0,ROCKET,0.9985754985754984,0.9986433319766652,0.9985754985754984,0.9985754985754984,0.9985119047619048,0.9985291930046576,0.998531285094115,False
2,pharmaceutical_ingredients_0,Pharmaceutical Ingredients,Classification,0,SANET,1.0,1.0,1.0,1.0,1.0,1.0,1.0,False
2,pharmaceutical_ingredients_0,Pharmaceutical Ingredients,Classification,0,TABDPT,1.0,1.0,1.0,1.0,1.0,1.0,1.0,False
2,pharmaceutical_ingredients_0,Pharmaceutical Ingredients,Classification,0,TABICL,0.9985754985754984,0.9986402486402486,0.9985754985754984,0.9985746905769596,0.9985119047619048,0.9985291899230652,0.9985312820190912,False
2,pharmaceutical_ingredients_0,Pharmaceutical Ingredients,Classification,0,TABM,0.9985754985754984,0.9986433319766652,0.9985754985754984,0.9985754985754984,0.9985119047619048,0.9985291930046576,0.998531285094115,False
2,pharmaceutical_ingredients_0,Pharmaceutical Ingredients,Classification,0,XGB,0.9857549857549858,0.9863143688642264,0.9857549857549858,0.9857631374934096,0.9852349190664408,0.985291621881541,0.985310202473326,False
2,pharmaceutical_ingredients_0,Pharmaceutical Ingredients,Classification,0,XT,0.9886039886039886,0.9896010792749924,0.9886039886039886,0.9886912101601704,0.9880758281573498,0.988233568689895,0.9882604863114556,False
2,rruff_mineral_raw_0,RRUFF Minerals (Raw),Classification,0,ARSENAL,0.9699570815450644,0.9750834525512636,0.9699570815450644,0.9692020285809732,0.9734177215189874,0.9694969141574716,0.969587594397594,False
2,rruff_mineral_raw_0,RRUFF Minerals (Raw),Classification,0,AUTOGLUON,0.944206008583691,0.9546971864568432,0.944206008583691,0.9418382621614128,0.9508438818565402,0.9433577679706784,0.9435518697230932,False
2,rruff_mineral_raw_0,RRUFF Minerals (Raw),Classification,0,CAT,0.7167381974248928,0.7512934490402301,0.7167381974248928,0.7038904166407334,0.7151898734177216,0.7120763901891032,0.7136034996260858,False
2,rruff_mineral_raw_0,RRUFF Minerals (Raw),Classification,0,COATNET,0.1201716738197424,0.1132353290652522,0.1201716738197424,0.0909192475799339,0.1056962025316455,0.1028699147289733,0.1071703589775679,False
2,rruff_mineral_raw_0,RRUFF Minerals (Raw),Classification,0,DEEPCNN,0.7553648068669528,0.9440554175137414,0.7553648068669528,0.8065297363580627,0.7735232067510549,0.7510870380088462,0.7708150875988966,False
2,rruff_mineral_raw_0,RRUFF Minerals (Raw),Classification,0,DUMMY,0.0343347639484978,0.001178876015399,0.0343347639484978,0.0022794864032197,0.0126582278481012,0.0,0.0,False
2,rruff_mineral_raw_0,RRUFF Minerals (Raw),Classification,0,FASTAI,0.7253218884120172,0.8243741058655221,0.7253218884120172,0.7318428076955297,0.7401898734177216,0.7211824318007591,0.7261130560810966,False
2,rruff_mineral_raw_0,RRUFF Minerals (Raw),Classification,0,FCRESNEXT,0.7510729613733905,0.8498569384835479,0.7510729613733905,0.762623214949847,0.7641350210970466,0.7474065905310181,0.7505965722152592,False
2,rruff_mineral_raw_0,RRUFF Minerals (Raw),Classification,0,GBM,0.5622317596566524,0.6237141494652225,0.5622317596566524,0.5506549006549005,0.534493670886076,0.5546268880476743,0.5566387767027317,False
2,rruff_mineral_raw_0,RRUFF Minerals (Raw),Classification,0,KNN,0.9098712446351932,0.9222426595817154,0.9098712446351932,0.9023378007725396,0.9044303797468356,0.9085112748214352,0.9090212548740378,False
2,rruff_mineral_raw_0,RRUFF Minerals (Raw),Classification,0,LR,0.944206008583691,0.9660671707882008,0.944206008583691,0.9416753825993917,0.959493670886076,0.9433651814595292,0.9439300419262106,False
2,rruff_mineral_raw_0,RRUFF Minerals (Raw),Classification,0,MITRA,0.9098712446351932,0.9268410654676748,0.9098712446351932,0.9066875759377652,0.911603375527426,0.9084804728415382,0.908786563363036,False
2,rruff_mineral_raw_0,RRUFF Minerals (Raw),Classification,0,NN_TORCH,0.8841201716738197,0.8904216908508753,0.8841201716738197,0.8748501715681722,0.8833333333333335,0.8823452403216757,0.8828407475428552,False
2,rruff_mineral_raw_0,RRUFF Minerals (Raw),Classification,0,PLS,0.3090128755364807,0.1682376834510235,0.3090128755364807,0.1854402113202591,0.2059071729957805,0.2942980228380082,0.3016904498228481,False
2,rruff_mineral_raw_0,RRUFF Minerals (Raw),Classification,0,RAMANFORMER,0.0128755364806866,0.0001657794396654,0.0128755364806866,0.000327344147814,0.0126582278481012,0.0,0.0,False
2,rruff_mineral_raw_0,RRUFF Minerals (Raw),Classification,0,RAMANNET,0.7424892703862661,0.8543327202125485,0.7424892703862661,0.7532538753568797,0.7527426160337553,0.7385694249649368,0.7425935216892798,False
2,rruff_mineral_raw_0,RRUFF Minerals (Raw),Classification,0,RAMANTRANSFORMER,0.0128755364806866,0.0001657794396654,0.0128755364806866,0.000327344147814,0.0126582278481012,0.0,0.0,False
2,rruff_mineral_raw_0,RRUFF Minerals (Raw),Classification,0,REALMLP,0.9012875536480688,0.9131616595135909,0.9012875536480688,0.8961559422932812,0.9023206751054854,0.8997662021883475,0.9001704528669616,False
2,rruff_mineral_raw_0,RRUFF Minerals (Raw),Classification,0,REALTABPFN-V2,0.7939914163090128,0.902694325226514,0.7939914163090128,0.815052625289939,0.7957805907172996,0.7909102806184449,0.7976929396721378,False
2,rruff_mineral_raw_0,RRUFF Minerals (Raw),Classification,0,REALTABPFN-V2.5,0.8798283261802575,0.910205054840248,0.8798283261802575,0.8726937204846824,0.8924050632911391,0.8780401173985382,0.8786972410291481,False
2,rruff_mineral_raw_0,RRUFF Minerals (Raw),Classification,0,REZERONET,0.8798283261802575,0.9197102303009902,0.8798283261802575,0.8840638663761942,0.8810126582278482,0.8779191616766467,0.8792539020865162,False
2,rruff_mineral_raw_0,RRUFF Minerals (Raw),Classification,0,RF,0.8068669527896996,0.8265499879233784,0.8068669527896996,0.7949776381140071,0.8044303797468355,0.8037692768378499,0.8045384158650439,False
2,rruff_mineral_raw_0,RRUFF Minerals (Raw),Classification,0,ROCKET,0.9098712446351932,0.9264680836569248,0.9098712446351932,0.9050939859321582,0.9092827004219408,0.9084736251402918,0.90881380669183,False
2,rruff_mineral_raw_0,RRUFF Minerals (Raw),Classification,0,SANET,0.0257510729613733,0.0007428194123473,0.0257510729613733,0.0014439853997031,0.0126582278481012,0.000944447592603,0.0021153492775809,False
2,rruff_mineral_raw_0,RRUFF Minerals (Raw),Classification,0,TABDPT,0.9098712446351932,0.935684868302894,0.9098712446351932,0.9088522546487708,0.9141350210970464,0.9084753371616692,0.909019768782414,False
2,rruff_mineral_raw_0,RRUFF Minerals (Raw),Classification,0,TABICL,0.944206008583691,0.9546971864568432,0.944206008583691,0.9418382621614128,0.9508438818565402,0.9433577679706784,0.9435518697230932,False
2,rruff_mineral_raw_0,RRUFF Minerals (Raw),Classification,0,TABM,0.9055793991416308,0.9099649158662036,0.9055793991416308,0.8996515028072716,0.9120253164556962,0.9041206067747788,0.9044083118173204,False
2,rruff_mineral_raw_0,RRUFF Minerals (Raw),Classification,0,XGB,0.6523605150214592,0.6743720156810287,0.6523605150214592,0.6296028552781897,0.629746835443038,0.646857399472335,0.6481207132850768,False
2,rruff_mineral_raw_0,RRUFF Minerals (Raw),Classification,0,XT,0.8154506437768241,0.8385142039648478,0.8154506437768241,0.8055694901188463,0.8120253164556963,0.8125292367569186,0.8132148017205758,False
2,serum_alzheimer_disease_0,Alzheimer's SERS Serum,Classification,0,ARSENAL,0.953216374269006,0.95348551420854,0.953216374269006,0.953290968635396,0.9545534737659224,0.9288826505248998,0.9289402435935796,False
2,serum_alzheimer_disease_0,Alzheimer's SERS Serum,Classification,0,AUTOGLUON,0.9956140350877192,0.9956243671605396,0.9956140350877192,0.9956160935445376,0.9955012173176668,0.9933257223149206,0.9933289885191448,False
2,serum_alzheimer_disease_0,Alzheimer's SERS Serum,Classification,0,CAT,0.9093567251461988,0.9099779474865728,0.9093567251461988,0.909522643089828,0.9124236971172506,0.8622826245798626,0.8624204332134667,False
2,serum_alzheimer_disease_0,Alzheimer's SERS Serum,Classification,0,COATNET,0.8333333333333334,0.8424065134393502,0.8333333333333334,0.8348778187234994,0.8380967502910978,0.7474420638390905,0.7501121951997515,False
2,serum_alzheimer_disease_0,Alzheimer's SERS Serum,Classification,0,DEEPCNN,0.868421052631579,0.8743976721558334,0.868421052631579,0.8672945537213597,0.8802794537948554,0.8021691973969631,0.8061283637418543,False
2,serum_alzheimer_disease_0,Alzheimer's SERS Serum,Classification,0,DUMMY,0.4122807017543859,0.1699753770390889,0.4122807017543859,0.2407104718317533,0.3333333333333333,0.0,0.0,False
2,serum_alzheimer_disease_0,Alzheimer's SERS Serum,Classification,0,FASTAI,0.9137426900584796,0.9150647334829568,0.9137426900584796,0.9136026206104964,0.9093010126671608,0.8680788467196234,0.8689595847724395,False
2,serum_alzheimer_disease_0,Alzheimer's SERS Serum,Classification,0,FCRESNEXT,0.95906432748538,0.9602180007940544,0.95906432748538,0.9592358731814732,0.9616633146325112,0.9378704271408134,0.938277006276917,False
2,serum_alzheimer_disease_0,Alzheimer's SERS Serum,Classification,0,GBM,0.8976608187134503,0.8985857343920014,0.8976608187134503,0.8978981251845286,0.9010620655587313,0.8445126406546837,0.8447188637763291,False
2,serum_alzheimer_disease_0,Alzheimer's SERS Serum,Classification,0,KNN,0.8260233918128655,0.8302370440590624,0.8260233918128655,0.8267037728524446,0.8307575597191348,0.7355323566394714,0.7366551077061639,False
2,serum_alzheimer_disease_0,Alzheimer's SERS Serum,Classification,0,LR,0.5584795321637427,0.5591872364022589,0.5584795321637427,0.5587163930829403,0.5572844994883738,0.3295358280022201,0.3296079399945331,False
2,serum_alzheimer_disease_0,Alzheimer's SERS Serum,Classification,0,MITRA,0.966374269005848,0.9663756506567492,0.966374269005848,0.9663549583299946,0.9680498218129212,0.9488844050647718,0.9489062659980616,False
2,serum_alzheimer_disease_0,Alzheimer's SERS Serum,Classification,0,NN_TORCH,0.8918128654970761,0.8931521926509396,0.8918128654970761,0.8920677762783026,0.8896651494301543,0.8348893194762492,0.8352872178410615,False
2,serum_alzheimer_disease_0,Alzheimer's SERS Serum,Classification,0,PLS,0.6666666666666666,0.6661888460989873,0.6666666666666666,0.6637138875630766,0.656187149359585,0.4884421220441058,0.4904727911117363,False
2,serum_alzheimer_disease_0,Alzheimer's SERS Serum,Classification,0,RAMANFORMER,0.9751461988304092,0.9753492196700376,0.9751461988304092,0.9751836921281972,0.9751420203944816,0.9621591541457986,0.9622189993113394,False
2,serum_alzheimer_disease_0,Alzheimer's SERS Serum,Classification,0,RAMANNET,0.9473684210526316,0.9483320013180936,0.9473684210526316,0.9474440689630612,0.9450619244204508,0.9196334155798378,0.9200859071653864,False
2,serum_alzheimer_disease_0,Alzheimer's SERS Serum,Classification,0,RAMANTRANSFORMER,0.4122807017543859,0.1699753770390889,0.4122807017543859,0.2407104718317533,0.3333333333333333,0.0,0.0,False
2,serum_alzheimer_disease_0,Alzheimer's SERS Serum,Classification,0,REALMLP,0.9385964912280702,0.9391202713830404,0.9385964912280702,0.9387227932864528,0.9379697258388908,0.9063874714059476,0.9065345567767068,False
2,serum_alzheimer_disease_0,Alzheimer's SERS Serum,Classification,0,REALTABPFN-V2,0.9502923976608189,0.9504005903436644,0.9502923976608189,0.9503204270662132,0.9521894075720688,0.924437816182706,0.9244651169024634,False
2,serum_alzheimer_disease_0,Alzheimer's SERS Serum,Classification,0,REALTABPFN-V2.5,0.9839181286549707,0.9839418149319116,0.9839181286549707,0.983926891615344,0.9841395857591476,0.975527648488042,0.9755308561695252,False
2,serum_alzheimer_disease_0,Alzheimer's SERS Serum,Classification,0,REZERONET,0.8888888888888888,0.8929333240210925,0.8888888888888888,0.8896878884574646,0.8863483998447479,0.8301126503720698,0.8312241621394599,False
2,serum_alzheimer_disease_0,Alzheimer's SERS Serum,Classification,0,RF,0.8728070175438597,0.8749380243792385,0.8728070175438597,0.8733749573999599,0.8738223774743306,0.8062417582417583,0.8066396703327524,False
2,serum_alzheimer_disease_0,Alzheimer's SERS Serum,Classification,0,ROCKET,0.9064327485380116,0.907282365682597,0.9064327485380116,0.9065812376625766,0.91101231431495,0.8579522224169149,0.8582237232163415,False
2,serum_alzheimer_disease_0,Alzheimer's SERS Serum,Classification,0,SANET,0.9064327485380116,0.9134834357475676,0.9064327485380116,0.907110077849986,0.9000564553120921,0.8562137873950574,0.8593770811658605,False
2,serum_alzheimer_disease_0,Alzheimer's SERS Serum,Classification,0,TABDPT,0.7222222222222222,0.7341845933051098,0.7222222222222222,0.7216405026725373,0.7082495324794468,0.5709659209079835,0.5763567757459889,False
2,serum_alzheimer_disease_0,Alzheimer's SERS Serum,Classification,0,TABICL,0.9926900584795322,0.99273692253202,0.9926900584795322,0.992692954138062,0.9921844677322604,0.9888703394546466,0.988893193729642,False
2,serum_alzheimer_disease_0,Alzheimer's SERS Serum,Classification,0,TABM,0.932748538011696,0.9325922750407328,0.932748538011696,0.9326265633136362,0.9341942768427366,0.8977149711811346,0.8977529332043246,False
2,serum_alzheimer_disease_0,Alzheimer's SERS Serum,Classification,0,XGB,0.8874269005847953,0.8885067227241326,0.8874269005847953,0.8876519053791764,0.8918351504886912,0.8290538369409635,0.8293481642978011,False
2,serum_alzheimer_disease_0,Alzheimer's SERS Serum,Classification,0,XT,0.8508771929824561,0.8584370423802049,0.8508771929824561,0.8518472215674051,0.8456123637133482,0.770962595284524,0.7737521375100127,False
2,serum_prostate_cancer_0,Prostate Cancer SERS Serum,Classification,0,ARSENAL,0.9833399444664817,0.9833949000033432,0.9833399444664817,0.9833002454843448,0.9842664223669924,0.974655917736214,0.974726905471784,False
2,serum_prostate_cancer_0,Prostate Cancer SERS Serum,Classification,0,AUTOGLUON,0.9972233240777468,0.9972236747934528,0.9972233240777468,0.9972226720189856,0.9975106315598988,0.995774793905379,0.995775519365184,False
2,serum_prostate_cancer_0,Prostate Cancer SERS Serum,Classification,0,CAT,0.9734232447441492,0.9735320397928702,0.9734232447441492,0.973384197226458,0.974035242490047,0.95958759522182,0.9596804064610494,False
2,serum_prostate_cancer_0,Prostate Cancer SERS Serum,Classification,0,COATNET,0.9769932566441888,0.9770397587397373,0.9769932566441888,0.9769686946154904,0.9784931460369164,0.9650227216675268,0.9650649914373316,False
2,serum_prostate_cancer_0,Prostate Cancer SERS Serum,Classification,0,DEEPCNN,0.9674732249107496,0.9674365463584907,0.9674732249107496,0.9674416952084658,0.9672350027144409,0.9504834476140928,0.95049783420712,False
2,serum_prostate_cancer_0,Prostate Cancer SERS Serum,Classification,0,DUMMY,0.3808012693375645,0.1450096067291003,0.3808012693375645,0.2100368966182487,0.3333333333333333,0.0,0.0,False
2,serum_prostate_cancer_0,Prostate Cancer SERS Serum,Classification,0,FASTAI,0.992066640222134,0.9920651590506472,0.992066640222134,0.9920631137883448,0.9923582835685848,0.9879267193529756,0.9879297953299476,False
2,serum_prostate_cancer_0,Prostate Cancer SERS Serum,Classification,0,FCRESNEXT,0.9968266560888536,0.996829954783148,0.9968266560888536,0.9968272736227496,0.9968161871154544,0.99516975781729,0.9951707230293424,False
2,serum_prostate_cancer_0,Prostate Cancer SERS Serum,Classification,0,GBM,0.9599365331217772,0.9600027407902908,0.9599365331217772,0.9598404582234428,0.9600553067318132,0.9390583010300356,0.9391941346496157,False
2,serum_prostate_cancer_0,Prostate Cancer SERS Serum,Classification,0,KNN,0.9547798492661642,0.9553774224626532,0.9547798492661642,0.9546978265154148,0.958419290626131,0.9313780197346035,0.9317189115130534,False
2,serum_prostate_cancer_0,Prostate Cancer SERS Serum,Classification,0,LR,0.828639428798096,0.8283659497731045,0.828639428798096,0.8284382256135254,0.8283212314513211,0.7389121724091803,0.7389686910418396,False
2,serum_prostate_cancer_0,Prostate Cancer SERS Serum,Classification,0,MITRA,0.9658865529551766,0.965877972795796,0.9658865529551766,0.9658812518963342,0.966222742490047,0.9480898403998312,0.9480907568721098,False
2,serum_prostate_cancer_0,Prostate Cancer SERS Serum,Classification,0,NN_TORCH,0.9801666005553352,0.9801786975114488,0.9801666005553352,0.9801683243042496,0.9807088083604776,0.9698081084330828,0.9698125530731556,False
2,serum_prostate_cancer_0,Prostate Cancer SERS Serum,Classification,0,PLS,0.775089250297501,0.7719896256616087,0.775089250297501,0.7709332349315831,0.7803440553745927,0.6583389483803687,0.6607569393028957,False
2,serum_prostate_cancer_0,Prostate Cancer SERS Serum,Classification,0,RAMANFORMER,0.9956366521221738,0.995637992595632,0.9956366521221738,0.9956371124149894,0.9957598172276512,0.9933594968820932,0.9933597347944974,False
2,serum_prostate_cancer_0,Prostate Cancer SERS Serum,Classification,0,RAMANNET,0.9976199920666402,0.9976238235110784,0.9976199920666402,0.9976191041810304,0.9978431505609844,0.9963780158058928,0.9963811180965504,False
2,serum_prostate_cancer_0,Prostate Cancer SERS Serum,Classification,0,RAMANTRANSFORMER,0.3653312177707259,0.1334668986778415,0.3653312177707259,0.1955084552974076,0.3333333333333333,0.0,0.0,False
2,serum_prostate_cancer_0,Prostate Cancer SERS Serum,Classification,0,REALMLP,0.9912733042443476,0.9912790297000798,0.9912733042443476,0.991274260079154,0.99117241223308,0.9867159399858064,0.9867176187055374,False
2,serum_prostate_cancer_0,Prostate Cancer SERS Serum,Classification,0,REALTABPFN-V2,0.9880999603332012,0.988120591991067,0.9880999603332012,0.9880848522033064,0.9885801212450236,0.9818970494320896,0.9819227460451648,False
2,serum_prostate_cancer_0,Prostate Cancer SERS Serum,Classification,0,REALTABPFN-V2.5,0.994446648155494,0.994446650663538,0.994446648155494,0.9944438550213806,0.9944857265653276,0.9915487035470828,0.9915517908013488,False
2,serum_prostate_cancer_0,Prostate Cancer SERS Serum,Classification,0,REZERONET,0.9904799682665608,0.9904820271551952,0.9904799682665608,0.990480737640544,0.9904632645674992,0.9855105192662628,0.9855107575234308,False
2,serum_prostate_cancer_0,Prostate Cancer SERS Serum,Classification,0,RF,0.9238397461324872,0.9245565769929,0.9238397461324872,0.9233436447129184,0.9256220593557728,0.8841826997620639,0.8850673066867865,False
2,serum_prostate_cancer_0,Prostate Cancer SERS Serum,Classification,0,ROCKET,0.978579928599762,0.9786618876565524,0.978579928599762,0.9785453543651468,0.97950540626131,0.9673997691493488,0.9674841095353494,False
2,serum_prostate_cancer_0,Prostate Cancer SERS Serum,Classification,0,SANET,0.99880999603332,0.9988114753113048,0.99880999603332,0.998810060078378,0.9989436301121968,0.9981890924606815,0.9981898131159246,False
2,serum_prostate_cancer_0,Prostate Cancer SERS Serum,Classification,0,TABDPT,0.915509718365728,0.9153519510904572,0.915509718365728,0.915401949909846,0.91798599800941,0.8715096177613744,0.8715350719940427,False
2,serum_prostate_cancer_0,Prostate Cancer SERS Serum,Classification,0,TABICL,0.9964299880999604,0.996430221713182,0.9964299880999604,0.996428417724697,0.9967867806731814,0.9945674907093772,0.9945691652329984,False
2,serum_prostate_cancer_0,Prostate Cancer SERS Serum,Classification,0,TABM,0.9896866322887744,0.9897018082865712,0.9896866322887744,0.9896763874346703,0.9900131197973218,0.9843098673139392,0.9843278343874412,False
2,serum_prostate_cancer_0,Prostate Cancer SERS Serum,Classification,0,XGB,0.9595398651328838,0.9595716066856388,0.9595398651328838,0.9594524423794096,0.9602289178429244,0.9384660667430031,0.9385715582642258,False
2,serum_prostate_cancer_0,Prostate Cancer SERS Serum,Classification,0,XT,0.9230464101547006,0.9248188541037314,0.9230464101547006,0.9223967845197244,0.926284269815418,0.8829163728048944,0.8845376045548013,False
2,wheat_lines_0,Mutant Wheat,Classification,0,ARSENAL,0.891690975816317,0.8916525554400588,0.891690975816317,0.8914747610445393,0.8912781926282393,0.8551979130522901,0.855324896532157,False
2,wheat_lines_0,Mutant Wheat,Classification,0,AUTOGLUON,0.91803895737273,0.9180634179176737,0.91803895737273,0.9179669016587751,0.9183213162282768,0.8904628423676323,0.8905144033810326,False
2,wheat_lines_0,Mutant Wheat,Classification,0,CAT,0.9047708666603932,0.9046576856401476,0.9047708666603932,0.9046088772052084,0.90445007009565,0.8726969256799338,0.8727664849676647,False
2,wheat_lines_0,Mutant Wheat,Classification,0,COATNET,0.8638373953138233,0.863732158625575,0.8638373953138233,0.8637458113345107,0.8647148335355442,0.8180582171337627,0.8180808767314717,False
2,wheat_lines_0,Mutant Wheat,Classification,0,DEEPCNN,0.8802107838524513,0.8800282022044382,0.8802107838524513,0.8799845477959897,0.879883172223779,0.8398572526807768,0.8399454097915526,False
2,wheat_lines_0,Mutant Wheat,Classification,0,DUMMY,0.2851228004140397,0.0812950113159443,0.2851228004140397,0.1265171099442835,0.25,0.0,0.0,False
2,wheat_lines_0,Mutant Wheat,Classification,0,FASTAI,0.916345158558389,0.9164043794415352,0.916345158558389,0.916252096983731,0.9162525080925588,0.8881833376064169,0.8882602288483864,False
2,wheat_lines_0,Mutant Wheat,Classification,0,FCRESNEXT,0.8921614754869671,0.894077477284959,0.8921614754869671,0.8924400062445385,0.8936856773557151,0.8560170308973369,0.8564551141881178,False
2,wheat_lines_0,Mutant Wheat,Classification,0,GBM,0.891785075750447,0.891767838008653,0.891785075750447,0.8916070392986009,0.8913608957787426,0.8553237373543596,0.8554337939437714,False
2,wheat_lines_0,Mutant Wheat,Classification,0,KNN,0.7828173520278536,0.8038610825254059,0.7828173520278536,0.7822193329896372,0.7869198126809236,0.7106664644436105,0.7175880221550771,False
2,wheat_lines_0,Mutant Wheat,Classification,0,LR,0.8240331231768138,0.8237501485326675,0.8240331231768138,0.8237991826865887,0.8243007143118743,0.7647716327644487,0.7648308948784108,False
2,wheat_lines_0,Mutant Wheat,Classification,0,MITRA,0.830620118565917,0.8311685731583691,0.830620118565917,0.8287236763594724,0.8288230384652646,0.7732210404865636,0.7746062289392923,False
2,wheat_lines_0,Mutant Wheat,Classification,0,NN_TORCH,0.9097581631692858,0.9098662541178152,0.9097581631692858,0.9095765653319832,0.9094871050019554,0.879365323358281,0.87951368262374,False
2,wheat_lines_0,Mutant Wheat,Classification,0,PLS,0.7197703961607227,0.7234551837987633,0.7197703961607227,0.7161498757645466,0.7162840291210161,0.6245107471071012,0.6276070374641217,False
2,wheat_lines_0,Mutant Wheat,Classification,0,RAMANFORMER,0.8909381763432765,0.8907674610699358,0.8909381763432765,0.890816743804909,0.8907811854814526,0.8542259491379446,0.8542502814651153,False
2,wheat_lines_0,Mutant Wheat,Classification,0,RAMANNET,0.8890561776606757,0.893794625654374,0.8890561776606757,0.8892617930031171,0.8905181901714382,0.8519222035069687,0.8532562408143615,False
2,wheat_lines_0,Mutant Wheat,Classification,0,RAMANTRANSFORMER,0.2851228004140397,0.0812950113159443,0.2851228004140397,0.1265171099442835,0.25,0.0,0.0,False
2,wheat_lines_0,Mutant Wheat,Classification,0,REALMLP,0.8899030770678461,0.8924935436793225,0.8899030770678461,0.8901692148852517,0.8926493496859242,0.853115226469731,0.8538190289858932,False
2,wheat_lines_0,Mutant Wheat,Classification,0,REALTABPFN-V2,0.8781405853015903,0.8795864444341053,0.8781405853015903,0.8783633231685537,0.8803382632037516,0.8373370405421614,0.8376788210361558,False
2,wheat_lines_0,Mutant Wheat,Classification,0,REALTABPFN-V2.5,0.91822715724099,0.9182263617019076,0.91822715724099,0.9181453184727436,0.9184700658238814,0.8907098594021543,0.8907602217431351,False
2,wheat_lines_0,Mutant Wheat,Classification,0,REZERONET,0.9065587654088644,0.9066432922569444,0.9065587654088644,0.9064469236871036,0.906099100371491,0.8750641869117186,0.8751689849261055,False
2,wheat_lines_0,Mutant Wheat,Classification,0,RF,0.8554625011762492,0.8554627369603757,0.8554625011762492,0.8548582334647881,0.8541766857451298,0.8066169916724121,0.8070304690870032,False
2,wheat_lines_0,Mutant Wheat,Classification,0,ROCKET,0.8963018725886892,0.8961921332564408,0.8963018725886892,0.896051266478869,0.8958241236481473,0.8613485355258923,0.8614792820795891,False
2,wheat_lines_0,Mutant Wheat,Classification,0,SANET,0.8970546720617295,0.8980071020624923,0.8970546720617295,0.8973838532297508,0.8971189887898892,0.86241123548316,0.8625035188830189,False
2,wheat_lines_0,Mutant Wheat,Classification,0,TABDPT,0.8728709889903077,0.8731002004955832,0.8728709889903077,0.8725857224618646,0.8717278752309102,0.8299556611497956,0.8302249387572251,False
2,wheat_lines_0,Mutant Wheat,Classification,0,TABICL,0.8985602710078103,0.8987564043606724,0.8985602710078103,0.898606159368439,0.899620874893895,0.8644848276767785,0.8645185862208776,False
2,wheat_lines_0,Mutant Wheat,Classification,0,TABM,0.914274960007528,0.9148490845642756,0.914274960007528,0.9142644917071986,0.9149069619332106,0.885471504846831,0.8856515145123145,False
2,wheat_lines_0,Mutant Wheat,Classification,0,XGB,0.9074997647501648,0.9075275244763004,0.9074997647501648,0.9073517160671049,0.907150750166314,0.8763332541194326,0.8764396801523521,False
2,wheat_lines_0,Mutant Wheat,Classification,0,XT,0.8542392020325585,0.8541942151621457,0.8542392020325585,0.8535971568480256,0.8529906389213753,0.8049791405382121,0.8054025101614966,False
